id,rating,createdAt,updatedAt,userId,menuitemId
1,5,2019-03-15 09:37:10,2018-07-04 17:31:24,167,20
2,2,2018-07-12 04:37:14,2018-06-25 07:51:16,110,9
3,5,2019-03-10 06:27:20,2018-08-30 10:29:53,131,19
4,2,2018-06-30 12:12:24,2018-10-25 14:39:24,197,3
5,1,2019-01-08 05:42:15,2018-09-01 11:29:08,15,11
6,3,2019-02-24 01:22:27,2018-09-02 00:35:25,120,19
7,5,2019-03-20 19:37:02,2018-05-17 15:44:40,115,17
8,3,2018-05-09 08:11:21,2019-04-10 22:23:54,140,2
9,3,2018-12-06 04:29:58,2018-07-03 12:54:27,80,14
10,4,2019-03-29 02:16:52,2018-07-04 16:14:34,67,1
11,2,2019-03-18 16:28:58,2018-08-22 18:57:28,179,21
12,1,2018-08-10 21:21:06,2019-01-08 05:25:14,63,15
13,3,2018-08-27 06:40:43,2019-01-20 21:47:03,175,9
14,1,2019-02-14 09:51:44,2018-09-04 15:48:37,13,18
15,4,2018-06-15 06:35:12,2018-11-25 04:24:10,180,18
16,5,2019-01-21 20:43:51,2018-10-31 19:50:53,41,20
17,1,2019-03-28 09:25:20,2019-02-06 22:39:59,15,6
18,1,2018-07-04 15:20:36,2019-01-07 07:57:08,29,7
19,2,2018-05-13 18:50:15,2018-07-08 11:08:08,58,3
20,3,2018-05-17 13:47:03,2018-12-05 21:04:33,50,10
21,1,2019-03-30 13:36:27,2018-08-12 20:51:14,183,18
22,4,2019-04-14 14:31:05,2019-01-03 09:11:18,131,21
23,1,2018-11-28 00:13:32,2018-10-09 15:07:47,179,13
24,2,2019-02-08 18:19:09,2018-09-02 02:14:21,48,11
25,3,2018-12-15 09:29:07,2018-08-27 14:39:04,33,2
26,5,2018-05-30 03:49:09,2018-06-11 09:51:55,191,21
27,4,2018-07-18 19:27:56,2019-03-27 18:52:21,196,16
28,4,2018-06-01 05:46:19,2019-04-04 17:35:39,27,15
29,4,2019-04-21 04:34:14,2019-02-12 13:41:57,63,8
30,3,2019-04-02 06:27:25,2019-04-12 14:56:06,95,11
31,4,2018-11-26 14:41:53,2018-10-28 11:21:47,82,2
32,3,2019-01-26 20:33:26,2018-08-08 20:03:02,3,3
33,1,2018-07-12 01:46:46,2018-10-15 05:41:00,62,10
34,3,2018-11-18 01:51:05,2018-11-20 23:19:29,64,8
35,3,2019-03-03 05:45:02,2019-02-05 16:54:57,84,9
36,4,2018-12-20 16:17:50,2019-01-18 13:48:58,47,24
37,4,2018-11-02 14:57:18,2019-03-23 04:16:15,82,20
38,2,2019-04-15 21:56:11,2019-02-10 07:34:05,70,7
39,1,2018-05-30 13:12:13,2019-05-01 15:46:24,63,1
40,4,2018-08-16 13:20:23,2018-05-08 06:01:41,118,8
41,5,2018-07-07 08:29:49,2018-12-14 00:18:16,132,17
42,1,2018-07-10 22:41:35,2018-05-13 06:41:25,146,16
43,2,2018-12-18 16:26:24,2018-10-01 07:27:56,74,23
44,5,2018-06-27 03:47:09,2018-07-18 11:17:48,138,18
45,3,2018-09-04 17:04:45,2018-06-14 06:43:09,6,3
46,4,2019-03-29 18:20:56,2018-11-16 15:47:05,84,19
47,3,2019-02-04 16:17:08,2018-06-17 12:56:50,171,12
48,2,2018-07-09 02:20:44,2018-05-11 06:10:14,194,5
49,2,2019-02-15 21:19:45,2018-06-26 01:28:53,158,15
50,5,2018-09-21 13:06:11,2018-11-23 21:20:38,61,19
51,4,2018-10-01 13:20:00,2019-03-05 23:39:41,35,10
52,3,2018-10-10 23:57:28,2019-05-05 11:23:13,94,10
53,5,2018-11-04 19:18:43,2018-06-29 20:45:00,71,15
54,2,2018-09-04 22:47:26,2018-09-24 20:32:43,42,22
55,5,2019-02-25 23:10:30,2018-09-08 20:31:58,45,3
56,1,2018-12-05 21:16:21,2018-07-30 23:20:12,199,11
57,2,2019-04-14 09:36:26,2018-12-24 13:17:55,50,3
58,5,2018-09-07 10:11:19,2018-09-10 08:00:01,2,19
59,2,2018-09-08 12:59:41,2018-11-07 10:43:17,175,18
60,4,2018-10-27 02:30:08,2018-10-19 06:36:25,24,1
61,3,2018-10-05 11:11:11,2019-01-02 12:03:15,115,16
62,5,2018-08-15 12:49:18,2018-07-02 07:48:54,8,1
63,1,2018-07-01 00:09:44,2018-07-19 05:32:57,170,5
64,4,2018-06-04 23:40:53,2019-03-01 06:26:24,66,6
65,4,2018-10-23 11:06:25,2018-06-15 04:36:19,116,10
66,5,2018-10-31 02:41:26,2019-01-18 13:32:10,95,8
67,4,2018-11-21 19:28:08,2018-10-02 00:17:42,167,21
68,5,2019-01-19 01:53:24,2018-12-16 14:17:40,87,20
69,5,2019-01-08 19:08:19,2019-03-29 17:06:14,57,2
70,2,2018-10-07 21:46:24,2019-01-13 17:21:16,184,10
71,2,2018-08-10 01:27:14,2018-05-22 09:55:00,131,9
72,4,2018-05-28 00:14:02,2018-06-19 09:24:06,150,16
73,3,2019-03-24 22:04:03,2019-03-22 01:23:09,43,16
74,2,2019-01-31 21:55:35,2018-10-21 10:11:06,125,1
75,3,2019-05-07 06:53:36,2018-05-31 07:34:18,107,21
76,4,2018-08-20 02:35:19,2019-01-09 17:39:52,180,6
77,4,2018-09-24 18:39:40,2018-05-20 01:32:44,83,11
78,5,2019-04-25 02:31:55,2018-10-04 20:21:00,154,20
79,5,2019-05-04 17:03:43,2018-10-05 16:58:27,152,16
80,5,2018-12-28 22:17:04,2018-09-29 08:58:51,197,11
81,5,2018-07-24 16:15:45,2018-08-01 21:58:15,25,12
82,5,2018-07-07 10:06:25,2018-08-30 09:53:55,74,10
83,1,2018-10-04 09:50:55,2018-06-30 03:25:41,96,13
84,2,2019-04-20 04:19:42,2018-05-19 06:01:38,171,21
85,1,2019-01-15 11:07:03,2018-07-30 11:46:59,68,8
86,4,2019-04-02 11:09:57,2018-08-25 15:05:30,41,16
87,3,2018-06-22 17:27:18,2018-08-15 04:01:19,190,9
88,3,2018-10-18 21:34:22,2019-05-07 18:45:31,67,5
89,3,2019-04-11 20:15:14,2018-09-28 21:36:14,45,10
90,4,2018-12-10 00:40:33,2019-03-24 22:35:19,91,6
91,3,2019-01-09 09:42:36,2019-03-31 16:06:48,190,1
92,1,2018-08-05 00:42:26,2018-09-22 02:06:32,18,18
93,4,2018-09-26 11:34:03,2019-02-13 10:51:28,57,12
94,1,2019-03-27 12:05:25,2018-06-28 17:48:20,130,3
95,3,2018-12-02 05:52:57,2019-02-27 23:09:50,175,21
96,2,2018-09-03 20:26:35,2018-08-30 22:53:08,124,13
97,4,2018-11-05 12:54:52,2019-04-02 00:59:15,126,15
98,4,2019-01-16 18:54:59,2018-11-12 12:38:40,32,22
99,5,2018-05-27 13:37:57,2019-02-09 17:19:37,188,20
100,4,2018-07-28 23:39:18,2019-02-19 16:06:57,134,7
101,4,2018-11-01 00:51:50,2018-06-06 09:08:35,40,6
102,3,2019-04-29 09:05:22,2019-01-08 05:01:13,58,1
103,4,2019-03-18 08:13:21,2018-11-20 00:13:32,115,8
104,2,2018-11-28 14:25:25,2019-02-07 23:40:25,179,6
105,1,2018-09-03 20:27:00,2019-01-02 19:52:18,161,11
106,3,2019-04-10 10:38:00,2019-02-11 21:48:29,127,22
107,1,2018-06-09 10:41:34,2018-06-14 18:51:39,172,13
108,3,2019-03-31 12:11:46,2018-07-12 12:52:34,177,16
109,1,2018-06-08 12:42:01,2018-05-11 00:42:52,165,4
110,5,2019-03-16 12:07:32,2019-02-19 19:20:25,68,9
111,3,2018-07-11 17:13:46,2018-10-15 14:49:34,150,5
112,1,2018-12-14 04:40:38,2018-05-20 09:56:41,188,11
113,5,2018-06-28 23:57:38,2018-07-19 15:27:49,5,21
114,4,2019-03-11 02:21:01,2019-02-03 00:05:49,10,23
115,3,2018-09-23 02:29:03,2018-10-21 22:57:21,198,7
116,3,2019-01-14 04:51:03,2018-07-09 17:58:54,53,17
117,3,2018-11-03 23:23:07,2018-08-24 11:30:15,57,17
118,4,2019-03-14 05:15:48,2019-02-12 09:42:38,35,14
119,4,2018-08-15 18:39:07,2018-10-02 19:23:40,55,15
120,5,2018-05-14 14:27:50,2018-10-28 01:42:13,100,17
121,2,2018-08-11 21:00:55,2018-07-31 11:24:33,58,14
122,2,2018-10-19 19:16:54,2019-04-21 13:04:32,9,4
123,3,2018-09-04 07:40:24,2018-11-07 03:00:58,19,11
124,4,2018-12-14 07:41:38,2018-10-11 09:36:57,130,6
125,1,2018-11-19 03:21:14,2018-07-27 13:57:19,20,16
126,3,2019-02-09 07:32:30,2018-11-30 16:57:09,75,1
127,1,2019-02-07 02:04:10,2019-03-12 18:36:19,120,16
128,1,2019-02-08 20:25:22,2018-11-25 22:36:01,100,11
129,5,2018-12-19 00:23:24,2018-05-29 15:22:53,53,4
130,4,2018-08-26 22:56:48,2019-02-04 01:49:51,34,22
131,5,2018-11-13 17:09:02,2018-09-03 06:20:17,92,8
132,1,2019-03-08 05:14:17,2019-03-22 10:17:49,67,24
133,4,2018-12-16 14:48:01,2018-06-22 07:00:35,111,8
134,2,2018-09-09 08:06:52,2018-10-07 05:35:19,110,8
135,2,2018-11-23 23:31:14,2018-11-29 00:09:31,141,3
136,4,2019-03-16 03:34:02,2019-01-02 16:45:25,21,20
137,4,2019-03-27 23:32:40,2019-03-21 11:42:45,200,9
138,3,2019-02-25 12:53:29,2018-10-18 12:05:44,57,2
139,2,2018-11-21 05:51:41,2019-02-22 01:16:44,144,14
140,4,2019-01-21 08:21:13,2019-04-30 14:37:02,146,21
141,2,2018-10-21 22:08:29,2018-06-24 04:24:43,81,11
142,4,2018-12-08 15:57:38,2018-09-11 18:48:55,185,4
143,1,2019-01-30 09:00:07,2019-02-26 06:00:29,115,10
144,4,2018-05-21 18:42:08,2019-03-16 12:25:59,1,16
145,5,2018-06-05 03:46:22,2019-03-10 23:43:50,136,6
146,3,2018-06-14 12:49:11,2018-09-12 07:49:43,46,17
147,1,2018-07-12 08:27:19,2019-03-02 05:05:25,180,24
148,2,2018-08-07 02:15:37,2019-01-31 22:28:56,111,10
149,5,2018-12-12 23:34:48,2018-12-31 09:43:07,59,12
150,3,2019-04-03 02:27:51,2018-12-22 18:35:20,46,11
151,1,2019-01-24 04:19:18,2018-07-13 10:53:35,165,24
152,5,2018-08-25 09:10:48,2018-08-08 08:33:47,33,8
153,5,2019-02-09 09:50:05,2019-04-19 07:59:56,140,7
154,3,2018-09-27 04:13:03,2018-10-13 12:36:56,1,10
155,2,2018-08-18 11:15:19,2019-04-09 11:51:55,57,21
156,4,2019-02-17 11:55:24,2018-11-02 23:47:18,134,19
157,3,2018-11-01 01:09:39,2018-08-18 00:10:19,198,5
158,1,2019-03-30 19:43:13,2019-01-19 00:44:31,109,2
159,4,2018-07-31 04:47:49,2018-07-14 22:00:12,155,13
160,5,2018-11-28 17:15:49,2018-10-07 01:50:29,37,17
161,4,2018-10-28 17:10:42,2019-01-12 21:06:55,114,8
162,5,2018-07-06 00:57:16,2018-12-26 13:24:49,128,19
163,2,2019-02-10 18:21:05,2018-06-29 00:25:08,5,13
164,3,2019-05-04 08:35:46,2018-11-19 07:06:30,146,21
165,1,2018-10-28 22:15:35,2018-06-17 22:37:49,29,24
166,4,2018-07-04 12:25:09,2018-07-22 06:34:16,5,6
167,2,2018-05-08 05:54:49,2019-04-23 10:51:57,56,7
168,1,2018-08-01 20:24:49,2018-11-03 18:44:43,144,11
169,4,2018-11-21 14:22:42,2018-05-10 13:10:53,143,17
170,1,2019-02-03 18:59:32,2018-11-28 21:18:44,73,24
171,2,2018-12-27 11:41:12,2019-03-28 19:57:54,104,17
172,4,2018-06-24 11:47:53,2018-09-09 17:01:38,168,8
173,1,2018-08-23 06:26:21,2018-09-17 10:56:26,159,17
174,2,2019-02-02 19:06:35,2019-04-02 05:46:13,12,17
175,3,2018-10-24 19:17:17,2019-05-05 18:05:35,146,3
176,2,2019-01-31 09:56:11,2018-10-26 17:39:55,85,17
177,1,2019-02-24 17:07:28,2018-08-13 19:27:50,165,11
178,4,2019-04-06 04:10:28,2018-11-30 09:18:17,15,24
179,5,2018-12-06 18:19:22,2019-04-24 00:17:31,121,4
180,5,2018-08-16 15:45:33,2018-12-30 22:59:06,73,14
181,4,2019-01-10 03:32:30,2018-12-21 10:05:22,114,10
182,3,2018-07-27 13:32:01,2018-09-17 18:22:07,139,1
183,4,2018-08-18 07:35:36,2018-05-31 21:03:53,35,13
184,1,2018-06-15 06:09:27,2018-08-07 00:08:53,97,23
185,1,2018-12-16 06:54:56,2018-06-10 11:59:16,109,1
186,1,2018-07-25 03:53:18,2018-11-19 04:28:12,109,5
187,4,2018-07-08 09:47:43,2019-01-16 19:30:04,117,11
188,3,2019-03-13 22:08:34,2018-12-19 11:28:59,138,1
189,2,2018-06-22 09:44:20,2019-01-29 21:20:12,120,19
190,2,2018-05-30 09:56:53,2018-06-10 17:50:45,165,6
191,1,2018-08-19 06:51:12,2018-11-23 07:21:37,116,1
192,1,2019-03-21 14:19:52,2018-09-25 09:53:57,125,24
193,3,2018-11-23 17:59:10,2019-03-13 17:54:52,119,3
194,3,2018-05-09 23:09:41,2019-04-06 04:38:55,88,21
195,5,2018-10-28 23:40:30,2018-09-26 15:08:33,57,24
196,1,2018-05-16 23:44:35,2018-06-08 08:47:57,194,19
197,2,2018-06-07 12:00:56,2018-11-05 08:50:55,71,14
198,4,2019-04-20 14:00:25,2018-11-21 01:18:17,65,14
199,3,2019-03-05 04:59:51,2018-07-13 05:02:05,196,17
200,1,2018-05-25 17:11:04,2018-07-06 18:23:11,169,11
201,1,2018-06-04 19:40:58,2018-10-22 10:23:55,115,24
202,5,2018-08-04 22:42:40,2018-05-10 05:48:27,89,13
203,2,2018-11-17 05:37:41,2019-01-28 22:51:59,129,20
204,1,2018-12-30 22:38:47,2018-10-18 14:40:23,35,18
205,3,2018-07-06 20:14:05,2018-07-03 15:37:36,175,16
206,2,2019-02-16 10:21:18,2019-04-08 20:35:28,138,3
207,3,2018-07-03 01:19:08,2018-07-09 06:00:19,52,6
208,2,2019-02-17 18:15:12,2019-04-14 00:40:07,116,8
209,4,2018-09-04 16:09:18,2018-09-17 10:29:57,95,23
210,3,2018-12-17 00:27:37,2018-06-29 05:07:07,149,21
211,5,2018-10-25 17:03:34,2018-08-11 16:21:19,5,16
212,1,2018-12-18 05:58:58,2018-11-02 14:00:28,110,8
213,3,2018-06-09 07:04:05,2018-12-24 10:28:26,73,3
214,3,2019-04-23 05:39:56,2019-03-02 11:31:29,135,10
215,5,2018-06-08 13:42:16,2018-11-16 18:23:45,5,17
216,2,2018-08-28 08:38:28,2019-01-12 02:01:46,96,20
217,1,2019-03-04 10:06:36,2018-05-16 19:29:04,111,19
218,4,2019-02-04 01:15:25,2019-02-10 20:56:07,179,16
219,3,2019-04-02 19:54:47,2018-05-12 11:53:02,152,12
220,4,2019-03-13 15:44:37,2019-03-01 22:02:47,190,24
221,4,2019-04-21 15:59:04,2018-08-23 22:31:57,185,3
222,1,2018-08-25 08:48:58,2019-01-10 11:29:01,7,4
223,4,2018-12-27 07:21:40,2018-06-20 07:46:20,34,23
224,2,2019-01-01 10:05:52,2018-06-11 20:03:51,27,19
225,1,2019-01-09 09:31:16,2018-08-21 23:27:28,35,2
226,5,2018-09-23 17:54:45,2018-08-19 00:46:11,48,22
227,1,2018-05-24 02:51:13,2019-01-25 00:15:26,172,5
228,3,2018-08-16 09:13:29,2018-05-21 03:11:07,102,2
229,3,2018-12-11 12:07:53,2018-11-13 06:20:54,82,10
230,1,2019-02-15 00:01:09,2018-08-04 19:39:37,92,15
231,2,2019-03-16 07:20:14,2019-01-12 17:52:46,75,1
232,5,2018-11-30 03:46:01,2018-07-05 08:41:34,3,2
233,3,2018-06-16 08:07:30,2018-11-16 07:38:38,136,2
234,1,2018-10-15 22:10:32,2018-12-18 19:30:12,42,23
235,4,2018-08-15 23:37:40,2019-02-10 23:09:37,181,12
236,1,2018-09-04 08:05:52,2018-10-31 16:15:15,84,24
237,5,2019-04-25 07:10:04,2018-11-28 06:27:33,1,16
238,3,2018-05-19 01:34:18,2018-09-16 18:55:24,60,18
239,2,2018-12-21 10:41:59,2018-07-23 04:56:50,59,22
240,4,2019-02-05 20:23:25,2018-11-09 10:35:55,92,19
241,3,2019-03-08 22:19:03,2018-09-20 22:10:06,61,18
242,5,2018-07-30 03:45:06,2019-01-12 02:32:55,159,6
243,3,2018-05-11 14:34:58,2018-11-14 01:00:21,90,17
244,2,2018-05-27 06:01:17,2019-02-25 04:36:38,13,15
245,1,2018-06-07 01:27:19,2019-03-08 06:09:12,196,8
246,5,2018-06-16 14:00:43,2018-05-22 23:47:47,150,2
247,3,2018-07-29 23:12:01,2019-03-10 21:01:11,154,2
248,1,2019-02-08 12:01:13,2018-11-25 00:31:19,193,21
249,4,2018-08-19 00:57:26,2019-04-15 00:38:54,138,19
250,5,2018-06-03 18:14:19,2018-09-01 02:12:52,73,21
251,2,2018-06-02 16:04:32,2018-09-16 12:54:50,70,20
252,1,2018-07-01 14:18:44,2018-12-09 02:46:53,76,18
253,3,2019-01-16 21:23:47,2018-06-10 12:28:11,31,22
254,1,2019-04-16 18:39:21,2019-02-04 11:56:09,118,7
255,1,2018-12-30 12:14:13,2018-05-25 17:20:23,101,22
256,4,2019-04-03 20:24:21,2018-12-21 06:00:51,176,13
257,3,2018-05-24 07:06:09,2018-11-12 07:44:18,67,8
258,5,2018-07-08 12:15:29,2019-04-06 23:44:41,33,12
259,3,2019-01-08 09:07:29,2018-06-16 08:53:57,5,24
260,4,2019-04-25 22:04:20,2018-10-26 17:13:36,90,20
261,2,2019-02-07 20:06:17,2019-02-02 21:16:41,92,7
262,5,2019-03-22 21:28:45,2018-11-08 07:48:48,98,9
263,1,2019-03-09 22:00:52,2018-07-24 10:54:28,142,10
264,2,2019-04-11 06:42:41,2018-10-16 22:21:31,31,1
265,1,2019-05-05 18:27:47,2018-10-13 10:39:15,43,3
266,4,2018-10-29 22:32:15,2019-03-01 02:22:49,140,12
267,2,2018-06-09 13:14:58,2019-02-24 09:37:18,43,11
268,2,2018-11-29 01:07:30,2018-06-15 09:12:08,60,10
269,1,2018-09-24 00:52:58,2018-06-29 22:17:37,23,8
270,5,2019-03-16 07:38:08,2019-01-31 07:27:30,32,11
271,4,2018-10-21 05:53:29,2019-01-04 14:57:36,120,13
272,3,2018-05-21 09:45:23,2018-12-06 08:16:00,51,8
273,5,2018-06-30 15:31:49,2019-03-16 12:05:18,2,9
274,2,2018-12-22 05:02:01,2019-05-05 02:45:18,195,19
275,2,2018-10-29 07:57:22,2018-11-08 00:15:43,190,11
276,5,2018-08-11 03:51:28,2019-03-28 11:07:40,193,19
277,5,2019-05-01 07:47:08,2019-03-30 17:56:20,194,18
278,4,2019-03-18 00:11:27,2018-08-31 01:01:03,165,19
279,1,2019-04-12 07:06:15,2018-09-12 07:12:14,24,11
280,3,2018-05-12 05:57:44,2019-03-08 08:05:22,158,12
281,4,2018-09-08 17:42:28,2019-03-15 08:57:36,115,7
282,4,2018-12-10 09:55:36,2018-05-29 12:46:20,169,23
283,5,2018-11-29 17:27:27,2018-07-31 03:26:42,175,4
284,1,2019-01-01 20:28:15,2019-04-18 17:10:14,47,24
285,1,2018-08-25 20:51:56,2018-05-24 15:44:07,181,5
286,3,2019-02-12 21:12:43,2018-07-23 05:56:54,83,14
287,5,2018-08-03 15:58:59,2019-01-21 10:16:27,64,4
288,5,2018-06-16 07:07:32,2018-11-02 20:01:04,187,22
289,2,2018-07-13 23:09:37,2018-07-19 07:57:01,194,15
290,4,2018-05-15 20:16:40,2018-07-23 07:37:24,154,15
291,1,2018-11-18 01:37:27,2018-07-26 08:00:22,136,1
292,2,2018-08-07 09:23:06,2018-08-07 02:46:32,5,7
293,4,2019-04-15 02:35:18,2019-03-20 00:54:14,47,23
294,4,2019-04-09 00:09:53,2018-08-07 10:23:50,145,9
295,2,2019-04-29 16:23:02,2019-03-28 17:37:26,143,10
296,5,2018-11-24 19:47:43,2019-03-11 18:01:56,77,4
297,4,2018-08-12 02:37:24,2019-04-10 04:46:56,138,17
298,1,2018-11-14 12:40:09,2018-12-23 04:29:34,37,20
299,4,2019-03-26 23:11:39,2018-11-03 00:50:28,52,22
300,3,2019-01-25 08:24:46,2019-01-30 07:04:45,134,21
301,5,2019-02-27 18:29:55,2019-03-20 06:05:49,156,9
302,4,2019-02-13 22:31:41,2019-04-20 17:42:13,170,22
303,2,2018-05-10 23:34:18,2018-08-08 18:55:43,157,7
304,4,2018-11-07 13:12:26,2019-04-22 11:55:07,3,15
305,3,2019-04-20 03:03:20,2018-05-25 05:26:01,48,24
306,5,2019-04-20 21:04:17,2018-07-21 21:48:33,19,9
307,4,2018-12-18 07:24:33,2019-04-27 15:51:04,155,13
308,3,2018-11-14 22:39:03,2019-01-19 17:23:57,24,12
309,1,2018-05-27 21:14:35,2018-06-19 21:57:34,120,5
310,1,2019-03-21 08:59:15,2018-06-19 06:53:53,65,1
311,2,2018-09-15 22:24:33,2018-12-15 18:37:11,178,5
312,3,2018-09-02 10:27:29,2018-05-13 21:43:25,49,15
313,5,2019-04-29 02:16:02,2019-02-03 06:18:46,79,3
314,5,2018-06-17 14:27:03,2018-06-29 22:22:45,16,14
315,4,2018-09-11 23:11:55,2018-10-06 19:36:25,135,7
316,1,2018-11-06 14:18:45,2019-04-22 05:17:52,101,19
317,5,2018-08-16 23:08:54,2018-07-01 16:41:14,181,9
318,1,2018-10-31 14:59:43,2018-10-10 09:57:49,43,23
319,4,2019-01-04 19:39:34,2018-07-14 21:38:31,175,8
320,2,2018-12-10 04:23:08,2019-04-11 02:57:43,147,5
321,2,2018-06-09 18:33:18,2018-07-23 21:05:25,193,16
322,2,2019-04-03 00:32:32,2019-02-24 23:50:16,71,23
323,1,2019-02-27 19:49:27,2018-11-12 20:41:57,163,6
324,5,2018-12-11 14:26:06,2019-02-25 20:08:34,198,24
325,3,2018-08-16 07:39:10,2019-02-12 22:53:27,26,20
326,3,2019-04-19 22:55:46,2019-02-13 19:36:39,148,18
327,2,2019-05-02 18:58:21,2018-08-10 18:42:22,156,5
328,1,2018-12-20 15:48:04,2018-10-22 02:42:13,9,11
329,1,2018-09-04 07:47:08,2019-04-19 18:06:29,118,8
330,1,2018-05-19 15:39:15,2018-06-17 12:13:41,189,22
331,1,2018-11-09 01:36:03,2018-05-14 01:01:19,148,2
332,4,2019-01-30 06:10:38,2018-09-13 10:33:50,54,11
333,3,2018-05-22 06:55:18,2018-05-10 06:45:18,67,2
334,4,2018-12-26 13:13:14,2019-03-05 05:58:50,200,23
335,3,2019-03-22 22:54:54,2018-12-31 23:45:00,40,21
336,2,2019-05-06 11:51:19,2018-12-18 08:41:51,97,1
337,5,2018-07-31 16:36:14,2018-06-05 08:54:29,124,8
338,2,2018-08-08 08:50:01,2018-09-18 22:29:41,113,9
339,4,2018-07-25 10:10:42,2018-11-13 17:53:36,66,1
340,4,2019-01-19 12:32:29,2018-12-14 22:30:29,178,5
341,5,2019-02-15 02:12:56,2019-04-13 17:53:30,17,21
342,3,2018-07-15 21:16:41,2018-07-18 18:54:21,196,1
343,3,2019-04-22 07:55:01,2019-01-16 21:01:54,92,22
344,1,2018-05-16 13:16:46,2018-08-22 06:30:57,194,8
345,5,2018-12-07 18:43:01,2019-01-08 23:14:28,71,22
346,5,2019-02-10 22:01:25,2018-11-18 16:48:16,60,21
347,1,2018-12-29 13:51:28,2019-01-06 19:09:24,167,19
348,4,2019-03-18 15:15:50,2018-05-30 03:46:19,173,22
349,3,2018-06-12 07:55:12,2019-02-12 18:43:39,157,17
350,5,2019-04-20 05:47:33,2019-01-15 19:54:43,8,1
351,1,2018-06-04 04:52:32,2018-12-08 14:10:50,118,13
352,4,2019-04-22 15:46:40,2018-06-03 00:50:19,73,13
353,5,2018-08-29 19:23:29,2019-01-26 13:45:17,78,23
354,3,2018-08-04 15:17:48,2019-04-21 03:44:21,34,8
355,5,2018-07-03 03:53:22,2018-07-02 05:51:54,118,20
356,3,2018-10-04 22:35:28,2018-09-23 15:25:07,46,11
357,1,2018-09-04 12:03:12,2018-08-19 13:57:50,92,23
358,4,2018-09-14 10:05:02,2019-01-26 15:10:22,141,21
359,3,2019-03-16 12:48:23,2018-12-08 12:40:45,88,24
360,2,2018-06-02 03:44:27,2018-07-18 11:36:35,97,12
361,4,2019-05-01 16:31:29,2018-09-01 16:28:49,156,10
362,1,2019-02-24 04:54:58,2019-03-02 18:14:14,136,19
363,1,2019-02-23 08:04:09,2018-07-13 07:49:58,127,7
364,1,2019-02-26 12:40:06,2018-06-20 02:38:02,35,18
365,5,2018-05-17 17:20:46,2019-04-10 17:15:56,59,5
366,5,2018-12-30 08:48:25,2018-09-26 23:13:27,183,16
367,1,2018-10-12 08:38:57,2019-03-21 08:23:27,51,1
368,3,2019-03-11 22:12:37,2018-08-08 05:22:06,40,12
369,3,2019-04-29 00:18:24,2018-07-22 21:33:55,71,10
370,1,2018-07-04 16:38:17,2018-05-14 09:40:17,191,7
371,5,2018-07-16 04:58:43,2018-05-14 14:32:16,193,6
372,3,2018-06-02 06:59:21,2018-07-07 20:32:19,200,10
373,2,2019-01-23 14:41:19,2018-10-06 16:16:59,9,3
374,4,2018-08-13 05:24:19,2019-01-27 06:07:37,60,16
375,3,2018-06-08 01:39:25,2018-10-06 20:16:15,122,3
376,2,2018-12-29 01:27:19,2018-12-15 15:44:25,16,6
377,1,2018-06-10 21:57:42,2018-12-23 06:47:26,56,9
378,4,2018-09-18 12:22:40,2018-05-28 18:20:49,119,8
379,3,2018-08-30 09:17:52,2018-10-29 11:53:43,87,15
380,5,2019-04-16 13:32:58,2018-05-27 12:44:58,108,5
381,3,2019-02-19 00:54:57,2019-03-02 08:16:34,135,23
382,5,2018-08-29 05:07:27,2019-01-15 11:08:57,90,18
383,3,2018-05-17 02:07:43,2019-01-02 17:21:29,102,23
384,4,2019-04-18 11:52:33,2018-12-05 11:49:30,176,18
385,4,2018-06-02 07:19:56,2019-01-27 16:53:13,171,1
386,4,2018-06-25 05:28:14,2018-08-20 17:14:41,92,7
387,5,2018-05-14 04:02:11,2018-10-10 03:06:42,77,19
388,5,2018-06-30 21:33:28,2018-06-17 17:24:31,164,4
389,2,2019-03-16 15:41:20,2018-11-17 02:53:15,26,13
390,3,2018-12-10 20:13:23,2019-04-02 19:18:33,100,17
391,1,2018-07-08 19:10:49,2019-04-09 04:17:59,7,4
392,1,2018-11-29 11:01:04,2018-09-13 06:26:10,86,16
393,4,2018-09-20 08:11:22,2018-10-18 03:28:20,6,18
394,1,2019-01-12 18:57:52,2018-05-27 15:34:26,76,6
395,1,2019-03-05 08:20:00,2019-01-14 15:31:37,65,4
396,4,2018-12-13 15:08:19,2018-12-03 11:09:59,110,6
397,2,2018-08-12 03:02:34,2018-12-02 17:50:10,54,13
398,3,2019-02-07 13:47:02,2019-03-25 16:43:17,66,15
399,2,2018-10-10 18:33:45,2019-01-10 09:00:50,46,19
400,3,2019-03-14 13:58:18,2018-11-24 02:56:21,21,24
401,3,2018-06-01 09:41:34,2019-03-18 15:31:12,21,10
402,5,2018-11-08 19:15:26,2018-08-03 23:52:54,159,3
403,1,2019-01-29 02:36:01,2018-09-11 07:50:45,69,18
404,5,2019-01-11 00:57:14,2019-03-08 04:39:10,94,17
405,1,2018-09-29 11:29:59,2019-03-30 00:14:16,5,5
406,4,2018-06-08 07:44:05,2019-01-09 13:44:50,59,6
407,2,2019-02-05 05:01:02,2018-11-14 10:28:42,46,9
408,2,2018-05-29 01:09:58,2018-07-26 03:53:30,42,15
409,2,2019-01-28 23:03:52,2019-01-26 02:58:16,136,16
410,1,2018-06-29 10:14:36,2018-05-28 08:37:27,38,6
411,5,2019-03-26 12:12:09,2018-05-27 03:59:18,55,1
412,1,2018-06-15 11:20:45,2019-04-28 07:21:08,22,24
413,5,2018-07-06 03:41:42,2018-09-01 22:57:50,48,10
414,2,2018-09-18 00:07:10,2019-01-04 05:10:47,44,22
415,3,2019-01-08 06:06:27,2018-12-18 10:36:54,57,1
416,5,2018-11-03 01:05:11,2019-01-14 15:36:33,105,3
417,4,2018-06-08 05:31:40,2018-10-30 20:18:56,84,4
418,4,2018-09-02 05:26:18,2018-05-12 20:26:23,149,2
419,2,2018-07-12 09:30:37,2018-07-20 07:08:24,68,10
420,4,2018-12-28 04:50:39,2018-07-24 01:21:35,41,13
421,1,2019-04-25 03:39:42,2019-03-18 22:59:39,92,4
422,5,2018-10-17 04:57:26,2019-05-01 12:48:12,41,8
423,4,2018-12-05 00:09:34,2018-10-06 11:57:30,102,20
424,4,2018-06-27 18:51:31,2018-12-30 05:39:05,59,3
425,2,2018-05-15 06:12:15,2018-10-06 21:40:51,86,14
426,5,2019-04-08 10:59:31,2019-04-15 21:46:54,119,7
427,1,2019-02-12 20:17:24,2018-06-20 22:46:58,14,9
428,1,2018-10-26 12:05:18,2018-08-26 04:18:15,4,6
429,2,2019-03-27 08:09:38,2018-07-27 13:39:28,57,9
430,5,2018-09-27 05:39:32,2018-12-06 02:07:22,165,5
431,1,2018-10-28 06:11:36,2019-04-03 18:07:29,42,7
432,1,2018-06-26 18:29:52,2018-06-26 04:27:36,21,19
433,4,2019-02-01 23:47:38,2018-07-27 15:59:53,171,4
434,4,2019-04-16 01:49:49,2018-10-01 00:57:13,117,4
435,3,2018-07-25 04:19:15,2019-02-24 00:00:50,94,7
436,3,2019-02-21 06:06:10,2018-06-04 22:13:57,6,18
437,1,2019-01-04 16:10:01,2018-07-10 15:33:49,15,11
438,4,2018-05-26 09:44:36,2018-10-07 14:21:37,123,1
439,1,2018-09-25 19:35:38,2018-06-13 19:51:47,76,3
440,5,2018-09-13 01:30:36,2018-05-19 10:36:17,196,21
441,4,2019-05-06 12:34:13,2019-05-06 10:49:40,84,11
442,4,2019-03-25 16:01:59,2019-04-12 05:36:46,120,17
443,1,2018-07-15 19:31:02,2019-01-27 00:08:27,176,9
444,4,2018-10-02 21:25:44,2018-05-11 06:10:45,153,23
445,3,2018-10-25 05:19:41,2018-07-17 22:37:46,45,12
446,2,2019-03-26 13:40:14,2018-08-03 11:59:42,80,11
447,2,2019-03-13 15:02:14,2018-09-24 15:06:17,160,24
448,1,2018-06-06 00:49:23,2019-01-18 19:48:02,2,2
449,5,2019-02-10 15:53:23,2018-07-13 14:51:10,22,23
450,2,2019-04-06 17:23:22,2019-04-26 22:27:57,35,23
451,4,2018-06-21 19:25:20,2018-06-22 07:03:26,146,11
452,2,2018-09-15 05:07:27,2019-02-17 03:19:52,118,22
453,3,2019-04-16 22:33:04,2018-06-15 16:08:10,172,18
454,3,2018-12-01 13:59:12,2018-08-16 16:35:53,186,15
455,5,2018-10-29 18:02:24,2019-03-29 12:01:24,102,2
456,3,2019-01-23 16:58:38,2018-06-12 06:49:22,172,13
457,5,2019-04-30 04:18:09,2019-02-01 17:51:26,1,8
458,1,2018-10-18 15:29:04,2018-09-12 07:43:25,177,3
459,1,2018-08-16 04:56:42,2018-12-03 02:27:48,180,16
460,2,2019-01-18 08:55:59,2019-03-12 23:07:08,39,12
461,3,2018-09-07 15:30:55,2018-10-31 04:19:22,4,22
462,2,2018-06-25 20:26:15,2018-08-01 02:27:32,59,5
463,3,2018-07-03 00:37:25,2018-07-24 07:36:14,79,7
464,5,2019-01-30 07:43:03,2018-06-23 10:43:34,59,7
465,4,2018-09-10 06:55:55,2018-08-11 21:10:56,62,22
466,3,2018-08-24 16:16:12,2019-05-01 21:45:02,114,14
467,4,2018-07-26 17:08:43,2019-03-13 08:30:47,42,10
468,3,2018-07-12 00:04:01,2019-02-03 12:56:26,73,12
469,4,2018-08-13 08:25:45,2018-10-28 18:45:00,32,4
470,4,2018-12-27 15:28:28,2018-11-12 15:49:03,144,2
471,5,2018-06-17 01:00:08,2018-06-24 03:44:06,53,8
472,3,2019-01-18 15:56:46,2019-02-22 20:24:39,30,8
473,4,2018-08-23 09:28:08,2019-04-20 03:23:14,91,9
474,1,2018-08-27 04:57:37,2018-08-25 12:13:19,153,14
475,4,2018-09-09 12:38:33,2018-12-26 19:06:31,83,6
476,3,2018-11-22 21:40:39,2018-06-14 17:03:55,96,13
477,5,2018-09-30 09:08:11,2018-11-06 04:19:18,78,24
478,1,2018-09-03 20:45:24,2019-03-21 22:25:31,35,4
479,3,2018-06-08 23:40:03,2019-02-25 20:34:31,130,19
480,3,2019-04-01 20:16:50,2019-02-09 12:21:15,8,12
481,2,2018-11-07 13:01:13,2018-12-07 03:30:43,191,16
482,3,2019-03-21 07:15:40,2018-10-07 13:18:51,8,12
483,1,2018-06-27 17:46:56,2018-09-21 00:33:51,191,5
484,1,2019-02-22 14:42:31,2019-03-20 01:27:35,45,9
485,3,2018-11-03 03:30:33,2018-09-28 16:30:50,9,15
486,1,2018-08-28 15:31:38,2019-03-18 17:18:31,70,23
487,3,2018-11-04 21:01:08,2019-02-09 09:19:05,100,10
488,2,2018-09-13 06:32:16,2019-01-30 11:04:18,32,2
489,4,2019-03-23 18:18:45,2018-10-08 15:40:12,72,2
490,1,2018-11-07 17:12:32,2019-04-11 11:25:02,80,9
491,4,2018-11-14 02:30:40,2018-11-28 08:02:02,30,15
492,2,2018-07-20 02:57:51,2018-07-26 15:06:35,102,22
493,3,2019-01-28 00:01:57,2018-05-14 06:41:23,32,21
494,1,2018-11-10 15:26:42,2018-10-23 03:14:41,129,20
495,4,2018-08-14 02:52:52,2019-01-04 16:45:29,152,20
496,2,2018-06-16 11:10:26,2018-07-14 16:14:40,104,24
497,4,2018-11-09 09:15:01,2018-07-20 01:43:34,87,15
498,3,2018-07-15 22:33:38,2018-12-29 02:42:26,171,11
499,2,2019-01-05 01:10:08,2018-11-05 18:53:39,10,17
500,5,2019-01-13 15:26:31,2019-01-09 09:24:05,21,13
501,4,2018-06-23 11:19:41,2018-10-06 15:24:57,182,7
502,3,2019-04-23 11:13:08,2019-02-19 13:02:54,3,12
503,2,2018-06-01 20:05:35,2018-08-19 00:38:43,141,24
504,2,2018-07-17 04:26:49,2018-10-27 13:41:05,147,6
505,2,2018-06-02 16:41:22,2018-05-24 12:54:32,10,10
506,4,2018-08-28 07:15:16,2018-06-08 02:40:48,83,7
507,5,2018-10-14 01:11:36,2018-11-05 15:09:38,141,10
508,5,2018-06-25 09:44:11,2019-02-03 12:35:13,69,9
509,3,2018-06-19 13:56:48,2019-04-29 12:28:22,180,13
510,5,2019-03-27 13:05:25,2018-11-23 03:23:52,180,5
511,2,2019-03-18 05:45:51,2019-05-01 16:11:59,179,6
512,5,2018-12-24 20:30:24,2019-01-16 13:59:04,70,10
513,2,2019-04-28 17:06:10,2019-05-02 17:44:29,102,11
514,2,2019-04-04 00:52:20,2019-04-11 10:36:19,188,12
515,5,2018-09-11 06:12:19,2018-11-27 01:21:45,86,24
516,3,2018-12-15 09:57:38,2019-03-10 11:33:44,114,5
517,5,2018-05-20 18:41:15,2018-09-22 03:21:55,103,12
518,4,2019-02-04 21:58:45,2018-05-08 14:09:24,194,9
519,4,2018-08-08 05:10:01,2018-06-28 05:54:15,187,23
520,4,2019-02-27 19:01:19,2018-10-24 09:32:49,164,15
521,3,2018-08-26 01:28:53,2019-04-16 12:39:44,159,6
522,3,2019-01-15 00:59:29,2018-06-09 21:17:26,144,19
523,2,2018-05-12 08:27:20,2019-02-27 16:26:40,177,6
524,4,2019-03-03 17:41:00,2018-10-01 11:31:36,24,8
525,3,2019-01-17 22:04:01,2018-05-11 10:45:54,170,14
526,3,2019-02-14 07:04:56,2018-07-05 04:23:29,186,1
527,3,2018-07-22 02:27:43,2018-06-05 21:39:32,48,1
528,5,2018-07-27 06:27:35,2018-07-02 15:55:59,172,23
529,2,2018-10-30 05:33:55,2018-06-02 06:52:57,147,23
530,1,2019-05-02 00:38:26,2019-04-24 10:25:42,15,19
531,1,2018-12-11 10:46:42,2018-11-26 19:26:17,79,12
532,4,2018-08-24 00:57:26,2018-08-11 08:58:12,180,14
533,4,2018-10-14 14:53:39,2018-12-22 14:30:50,7,14
534,3,2018-07-03 10:38:26,2018-12-30 21:56:33,20,8
535,4,2018-07-22 07:37:41,2018-07-28 23:39:45,43,3
536,1,2019-03-11 06:59:24,2018-06-12 02:25:49,110,15
537,5,2018-10-22 04:01:44,2018-06-07 18:07:28,30,2
538,1,2018-12-12 02:47:04,2018-06-26 10:50:50,86,23
539,2,2018-09-28 10:34:08,2019-02-25 04:32:07,30,22
540,3,2018-09-28 07:28:46,2018-09-08 03:33:19,149,19
541,4,2018-10-13 15:45:22,2018-12-14 12:56:19,13,2
542,3,2018-07-09 14:15:48,2018-08-10 14:31:37,116,5
543,5,2018-12-30 05:00:56,2019-04-24 01:13:49,169,6
544,4,2018-12-26 01:33:41,2019-01-04 16:37:37,81,5
545,1,2018-09-03 04:20:13,2018-12-02 10:54:49,39,6
546,4,2019-04-06 20:08:04,2019-02-08 08:26:57,7,6
547,2,2018-11-16 16:09:27,2018-10-26 06:25:00,151,7
548,3,2019-04-16 19:15:31,2018-05-26 12:58:36,142,3
549,3,2018-12-31 21:13:31,2018-05-12 11:59:31,96,12
550,5,2019-01-06 14:21:16,2019-03-22 17:11:36,194,10
551,1,2018-06-24 08:32:03,2019-04-15 22:52:07,123,8
552,3,2018-09-12 16:33:40,2018-09-19 00:06:34,129,22
553,2,2019-03-13 12:05:20,2018-05-09 15:50:26,7,3
554,5,2018-08-18 05:58:47,2019-04-15 14:56:33,138,3
555,5,2018-08-29 22:22:40,2018-10-30 12:43:07,160,14
556,1,2019-03-10 22:32:45,2018-07-11 07:34:27,72,3
557,1,2019-03-23 06:33:09,2018-12-14 05:00:21,120,5
558,4,2018-11-07 18:24:30,2018-09-07 06:25:48,193,14
559,2,2018-12-11 04:30:52,2018-06-06 18:54:11,34,23
560,3,2018-11-07 04:13:49,2019-01-29 16:10:42,16,7
561,4,2019-03-20 09:18:47,2018-07-09 02:20:31,96,11
562,4,2019-03-08 11:14:05,2018-12-23 13:53:21,79,11
563,5,2018-12-02 08:44:13,2019-04-27 14:44:55,105,5
564,1,2018-07-26 04:18:38,2018-08-29 08:54:48,156,4
565,5,2019-02-26 07:59:30,2018-12-08 04:03:28,7,16
566,2,2018-11-27 23:29:30,2018-12-16 12:21:24,165,4
567,5,2018-07-06 00:30:19,2019-02-24 07:35:29,42,21
568,3,2018-06-03 11:56:02,2018-09-04 14:54:35,107,12
569,5,2019-02-02 05:55:15,2018-10-10 13:53:13,194,1
570,3,2018-08-28 07:50:16,2019-03-20 01:19:12,161,12
571,3,2018-08-31 21:57:17,2019-01-04 20:02:36,183,5
572,1,2018-12-21 19:18:22,2018-12-25 13:02:40,91,1
573,4,2019-01-25 15:26:55,2018-10-16 11:30:17,165,7
574,1,2018-10-17 23:29:56,2019-01-10 11:43:55,122,12
575,5,2018-11-26 04:54:41,2018-09-01 21:51:12,42,13
576,5,2018-08-22 16:47:19,2018-06-19 11:12:55,158,12
577,3,2019-03-12 23:14:24,2018-07-28 11:51:00,125,20
578,5,2019-04-02 19:48:15,2018-07-03 04:20:30,152,8
579,4,2018-12-10 19:46:31,2019-04-29 07:41:55,33,24
580,3,2018-12-27 16:03:43,2018-06-09 15:37:57,193,19
581,4,2018-05-29 03:16:40,2018-08-17 02:01:43,130,7
582,1,2018-06-02 17:39:26,2019-04-05 10:05:55,199,22
583,5,2018-07-06 07:13:57,2018-11-28 04:27:25,51,10
584,4,2018-11-30 08:57:54,2019-05-07 03:19:43,113,3
585,5,2018-09-24 20:18:52,2018-11-25 14:15:34,44,20
586,3,2019-04-04 03:07:00,2018-07-22 01:49:37,53,17
587,5,2019-03-28 17:12:30,2018-09-26 15:25:15,88,3
588,4,2019-01-05 07:03:00,2018-07-27 02:01:56,168,6
589,1,2019-05-01 22:23:10,2018-09-28 01:33:44,164,14
590,1,2018-09-19 07:49:40,2018-09-27 04:31:42,150,1
591,5,2018-08-09 23:28:04,2018-08-07 22:11:02,58,24
592,2,2019-05-05 14:20:09,2018-11-11 01:58:30,149,4
593,5,2018-11-17 22:57:05,2018-09-20 23:24:35,105,24
594,1,2018-11-11 11:52:08,2019-03-30 20:12:15,54,4
595,4,2018-07-17 14:39:38,2019-01-28 18:48:35,83,1
596,3,2018-10-22 12:49:57,2018-06-22 09:10:07,28,8
597,3,2018-09-17 19:13:30,2018-06-11 16:51:06,186,12
598,1,2018-12-23 22:43:12,2018-08-19 09:49:02,128,10
599,2,2019-01-02 08:48:30,2019-01-21 00:47:02,165,15
600,4,2019-01-04 07:54:55,2018-05-15 22:47:39,167,12
601,5,2019-02-16 14:22:03,2019-02-10 16:41:05,2,5
602,1,2018-07-19 05:08:21,2019-01-05 05:30:16,167,3
603,2,2018-10-31 14:00:28,2018-10-29 18:06:48,196,9
604,5,2019-01-05 12:21:32,2018-07-15 00:34:54,149,22
605,3,2019-04-25 22:29:52,2018-06-30 01:39:15,76,20
606,5,2018-09-03 07:57:32,2019-04-22 03:25:06,149,24
607,1,2018-05-17 11:29:05,2019-01-16 12:17:18,166,9
608,5,2018-10-19 03:13:00,2019-02-25 16:16:04,154,19
609,1,2018-08-27 12:48:58,2018-07-03 11:16:57,179,20
610,3,2018-06-09 10:14:04,2019-03-01 09:43:12,140,9
611,1,2018-09-03 11:16:15,2018-12-15 21:57:49,187,8
612,2,2018-09-21 01:26:07,2018-05-26 23:37:14,192,17
613,3,2019-03-02 14:01:28,2018-08-13 07:15:07,123,9
614,5,2018-05-26 17:05:24,2019-04-04 04:28:32,9,3
615,3,2019-01-16 10:43:54,2018-09-10 13:36:45,179,24
616,4,2018-10-21 04:48:03,2019-03-22 17:00:59,126,5
617,3,2018-12-08 10:25:08,2018-06-06 19:21:52,181,2
618,4,2018-07-08 05:27:44,2019-05-03 19:47:18,79,16
619,5,2019-03-06 11:36:50,2018-05-09 21:02:53,23,1
620,1,2018-09-08 17:34:39,2018-06-06 20:59:30,164,12
621,3,2018-11-06 11:34:11,2018-07-04 21:44:42,115,20
622,4,2018-10-30 07:29:16,2018-05-20 06:44:43,125,23
623,4,2019-03-07 15:47:15,2018-06-20 03:06:09,46,18
624,5,2018-09-25 06:25:12,2018-08-19 00:41:49,4,2
625,5,2018-10-16 19:44:47,2018-12-04 17:23:57,32,8
626,2,2018-05-31 02:25:01,2018-11-05 05:20:18,54,20
627,3,2019-04-29 07:27:46,2019-04-13 07:46:56,88,1
628,5,2019-05-03 09:23:12,2019-04-09 11:11:30,112,4
629,4,2018-06-27 07:31:03,2019-03-18 13:06:52,89,17
630,2,2018-09-04 03:05:13,2019-01-09 11:57:44,115,24
631,4,2019-03-22 12:50:54,2018-06-09 16:13:22,136,15
632,3,2019-02-16 08:14:26,2018-11-29 10:41:31,67,20
633,5,2019-02-28 11:59:53,2018-06-17 15:31:39,26,15
634,4,2018-06-11 16:37:24,2018-10-25 04:57:29,159,22
635,4,2019-03-23 12:32:45,2019-04-06 21:33:10,57,16
636,2,2018-08-01 18:09:30,2019-03-04 10:52:11,2,14
637,1,2018-08-13 21:05:26,2018-12-16 23:31:06,133,2
638,2,2018-05-21 16:00:37,2019-01-18 07:26:47,174,10
639,1,2018-08-08 21:54:26,2018-07-19 03:35:41,125,18
640,4,2018-10-28 06:23:32,2018-05-30 18:32:19,68,21
641,5,2018-08-09 14:56:16,2019-01-02 06:09:09,175,1
642,5,2018-12-19 21:57:01,2018-08-16 01:28:52,129,4
643,4,2018-08-10 04:50:38,2019-04-10 19:13:23,90,17
644,2,2018-08-22 17:52:48,2018-12-16 08:03:30,40,20
645,2,2018-11-27 03:52:28,2018-07-31 03:15:15,134,23
646,4,2019-01-23 11:44:35,2018-06-20 06:30:10,88,18
647,2,2018-11-03 12:58:57,2018-11-05 12:59:57,112,17
648,1,2018-08-11 20:18:31,2018-11-23 12:16:11,54,20
649,5,2019-03-02 10:43:54,2019-04-23 02:46:12,190,24
650,3,2018-05-27 10:20:32,2018-08-13 04:58:36,95,3
651,2,2019-01-29 07:39:14,2018-09-26 18:05:53,74,9
652,1,2018-12-29 18:12:39,2018-09-03 14:25:54,49,16
653,3,2018-05-20 17:33:29,2018-10-04 01:21:24,107,1
654,2,2018-10-29 14:36:38,2019-02-19 06:46:34,156,8
655,1,2018-09-10 22:45:00,2018-11-02 22:22:12,161,1
656,4,2018-12-06 07:26:25,2018-05-17 20:48:01,143,1
657,2,2018-12-31 04:31:46,2018-12-15 19:41:34,192,17
658,5,2018-11-05 10:36:19,2019-02-03 14:35:13,172,24
659,1,2018-08-17 20:28:15,2019-04-26 02:18:29,109,12
660,4,2018-10-14 20:22:11,2018-11-28 14:29:50,138,4
661,1,2018-12-08 20:36:34,2018-09-01 12:08:17,73,2
662,5,2018-07-07 18:19:31,2018-05-10 11:34:35,45,20
663,4,2019-04-14 17:01:42,2018-09-02 02:07:34,171,24
664,1,2018-07-08 19:56:49,2018-11-25 17:07:01,3,7
665,1,2018-05-25 18:13:07,2019-03-08 00:52:39,137,13
666,5,2019-02-17 06:10:05,2019-01-27 06:37:22,130,8
667,4,2019-01-01 00:51:16,2019-03-17 06:45:48,43,24
668,2,2018-09-03 12:06:21,2018-08-24 05:40:54,188,23
669,5,2018-08-26 19:58:33,2018-11-02 02:25:23,64,6
670,4,2018-06-18 10:13:53,2019-05-02 22:13:24,132,24
671,5,2018-11-16 15:07:32,2019-05-06 03:58:55,176,7
672,1,2018-12-20 21:17:52,2019-02-11 01:31:03,121,18
673,1,2018-09-10 19:56:59,2018-08-15 02:29:35,75,1
674,1,2018-05-22 23:55:02,2019-02-17 16:33:46,97,7
675,4,2019-04-03 17:03:17,2018-10-01 12:17:52,104,22
676,5,2018-10-25 01:23:27,2019-03-07 15:10:40,149,16
677,1,2018-09-29 07:00:50,2018-07-05 03:59:05,128,12
678,2,2018-12-28 13:04:36,2018-05-15 05:24:44,183,8
679,4,2018-08-10 11:17:12,2018-12-20 03:37:16,168,8
680,5,2018-11-27 10:08:44,2018-10-21 16:16:47,81,2
681,2,2018-05-14 10:12:32,2018-08-17 18:01:08,11,21
682,3,2019-04-05 06:48:03,2018-07-30 00:37:54,178,9
683,1,2019-05-04 05:43:43,2018-07-31 01:06:44,21,11
684,3,2018-12-05 20:32:38,2018-09-04 13:09:38,123,1
685,5,2018-05-29 09:15:39,2018-12-09 03:14:46,74,22
686,3,2018-10-30 07:26:02,2018-11-21 20:54:26,136,14
687,1,2019-02-20 00:49:25,2018-05-28 01:15:48,8,14
688,5,2018-11-20 06:18:39,2018-08-29 13:12:45,151,15
689,3,2018-06-17 10:14:45,2019-02-28 13:13:59,138,23
690,3,2018-12-28 20:25:12,2019-03-23 17:49:27,57,17
691,5,2018-06-04 14:53:46,2018-06-19 11:40:42,130,1
692,5,2019-03-14 05:22:42,2018-08-24 08:54:42,19,21
693,4,2018-06-27 22:34:55,2018-11-28 13:33:51,131,9
694,5,2018-05-25 00:15:17,2019-02-01 02:26:05,120,13
695,5,2018-11-19 07:43:21,2018-07-19 00:47:45,75,2
696,2,2018-10-31 04:41:32,2019-02-13 06:31:09,43,18
697,5,2019-04-12 23:29:29,2018-12-08 03:06:32,116,11
698,4,2018-10-21 19:54:37,2018-08-14 11:41:21,28,8
699,2,2018-12-09 13:21:50,2018-05-24 05:59:16,159,7
700,5,2018-07-14 08:09:15,2018-08-19 09:47:50,199,14
701,3,2019-03-23 13:57:07,2019-03-12 02:59:21,164,11
702,4,2018-11-10 03:27:58,2018-12-25 01:34:34,33,21
703,4,2019-04-24 01:52:09,2018-08-02 03:17:25,151,4
704,4,2019-04-19 01:37:28,2018-07-21 07:38:30,122,1
705,1,2018-08-03 06:07:51,2019-01-25 04:51:16,132,3
706,5,2018-07-08 06:59:48,2018-06-29 23:45:55,196,7
707,4,2019-03-23 17:42:06,2019-04-26 22:01:38,119,5
708,2,2018-10-22 12:18:27,2018-09-25 16:23:19,108,4
709,4,2018-08-04 03:14:46,2018-05-31 15:51:18,12,8
710,1,2018-05-15 18:09:07,2018-05-25 05:44:40,183,23
711,3,2018-10-26 21:06:18,2019-04-22 02:28:55,150,9
712,4,2019-03-15 21:41:27,2019-04-21 03:18:39,153,13
713,2,2018-05-15 07:33:22,2018-12-21 12:53:47,7,17
714,5,2018-10-09 01:14:34,2019-04-01 00:38:08,122,9
715,2,2019-01-18 14:30:57,2018-07-25 10:37:26,130,22
716,1,2019-05-06 12:41:40,2018-09-27 06:23:32,124,8
717,3,2019-05-06 17:44:11,2018-10-27 15:43:09,189,23
718,5,2018-11-24 16:52:56,2018-11-10 01:15:05,154,5
719,1,2018-07-29 09:23:35,2018-08-02 10:27:24,47,16
720,5,2018-07-13 12:01:45,2018-12-15 18:35:37,10,18
721,5,2018-10-30 19:46:52,2018-12-25 16:58:50,56,21
722,1,2018-11-22 14:09:37,2018-11-21 16:58:22,10,16
723,1,2018-10-03 20:23:19,2018-07-26 23:45:04,86,1
724,3,2018-08-18 11:17:50,2018-05-12 15:58:51,37,20
725,5,2018-11-10 22:15:01,2019-01-02 11:00:36,15,6
726,2,2019-05-06 19:39:32,2019-04-24 06:22:39,89,19
727,5,2019-04-01 09:23:44,2018-05-22 10:54:25,141,20
728,2,2018-07-05 18:38:54,2018-10-04 13:34:53,172,16
729,3,2018-07-29 16:35:05,2018-12-30 02:45:24,144,9
730,1,2019-03-27 21:19:31,2018-06-27 23:57:45,107,21
731,5,2018-08-12 00:47:04,2018-07-10 19:10:12,111,10
732,3,2019-01-22 04:40:30,2019-03-10 21:31:37,27,21
733,3,2019-04-27 05:29:25,2018-09-30 13:59:22,144,20
734,2,2018-05-26 00:03:10,2018-08-22 20:32:46,197,22
735,3,2019-04-09 00:23:14,2018-08-18 07:09:36,112,19
736,3,2018-11-26 17:04:42,2018-10-20 04:02:21,12,6
737,3,2019-01-04 06:45:20,2018-08-03 09:03:15,199,8
738,2,2018-06-07 05:27:51,2019-04-27 13:09:55,5,8
739,5,2019-01-09 10:27:43,2019-03-26 20:42:36,13,16
740,1,2019-04-04 12:19:05,2019-02-11 00:30:54,90,3
741,2,2018-06-17 00:19:01,2018-10-18 19:28:28,98,12
742,3,2018-12-06 16:50:48,2018-12-21 05:59:39,89,24
743,4,2018-12-05 23:09:27,2018-09-09 02:06:45,113,18
744,3,2018-05-18 04:40:11,2018-08-25 18:37:37,144,19
745,2,2019-03-25 07:01:29,2018-05-31 11:14:24,89,23
746,4,2019-03-15 03:25:30,2019-02-25 06:14:42,161,9
747,1,2019-02-18 10:20:08,2018-10-30 02:31:06,91,24
748,5,2018-05-11 15:00:40,2019-01-25 14:29:22,170,1
749,1,2018-05-21 11:38:59,2019-01-17 02:54:15,100,1
750,3,2018-07-19 11:15:06,2018-07-12 02:39:38,62,4
751,1,2019-03-21 16:46:12,2019-05-05 04:50:40,29,14
752,5,2018-06-12 21:03:56,2018-12-26 11:01:18,146,22
753,1,2018-08-03 18:38:30,2018-09-19 20:28:40,129,21
754,4,2019-02-12 22:25:13,2019-01-28 23:29:50,157,23
755,1,2019-01-26 20:26:04,2018-06-25 19:47:58,162,22
756,5,2018-09-16 21:16:21,2019-01-02 16:26:02,159,2
757,4,2018-12-13 16:44:56,2018-05-16 09:20:54,186,11
758,4,2019-03-29 10:09:29,2018-10-07 02:32:30,62,13
759,3,2019-01-26 16:53:55,2019-04-22 05:35:21,192,2
760,3,2018-06-12 18:02:59,2018-09-06 08:32:48,16,14
761,4,2018-12-14 05:12:19,2019-05-04 23:33:25,170,2
762,5,2018-08-11 23:11:59,2018-11-04 21:06:13,125,12
763,2,2019-04-06 09:18:05,2019-04-01 03:26:49,56,6
764,1,2018-12-22 03:35:37,2018-05-28 15:57:57,126,22
765,5,2018-06-16 04:49:32,2018-07-09 06:02:59,141,18
766,3,2018-07-25 05:59:55,2018-07-31 03:12:58,79,10
767,5,2018-07-31 03:25:36,2018-07-18 08:51:38,176,22
768,1,2019-01-05 11:12:14,2018-05-27 11:23:41,63,6
769,4,2019-03-16 15:19:31,2018-06-16 07:54:51,46,21
770,2,2019-02-01 21:47:17,2018-11-08 04:14:45,38,6
771,2,2018-08-12 02:02:26,2018-07-14 12:12:37,146,22
772,2,2018-12-22 06:16:05,2018-08-07 15:07:22,73,6
773,3,2018-11-26 00:33:30,2019-03-19 04:25:59,113,14
774,1,2018-08-29 08:05:01,2019-03-29 17:13:08,116,13
775,5,2019-02-27 19:49:34,2018-06-05 21:52:11,69,8
776,5,2018-08-11 02:52:51,2018-08-06 23:17:07,49,11
777,1,2018-09-15 20:55:23,2018-12-11 00:52:41,8,14
778,2,2018-05-16 01:23:48,2019-02-22 18:38:29,129,22
779,1,2018-12-18 09:42:11,2019-01-07 02:06:26,44,2
780,3,2018-10-07 11:45:18,2019-01-26 18:53:01,146,2
781,5,2018-06-19 17:28:18,2018-10-01 23:43:20,105,17
782,4,2018-11-26 05:38:48,2018-09-28 19:02:31,108,16
783,4,2019-01-20 21:01:58,2018-11-26 04:01:37,110,16
784,5,2018-11-19 21:22:53,2018-12-23 15:15:23,196,11
785,1,2019-04-01 23:06:53,2019-02-17 12:58:33,93,14
786,4,2019-02-02 11:14:58,2019-05-07 17:57:47,163,14
787,3,2019-03-03 15:37:08,2018-07-08 02:24:18,81,2
788,2,2018-10-10 09:58:15,2019-03-26 04:15:15,163,8
789,1,2018-09-27 21:16:40,2019-01-27 15:55:57,93,5
790,1,2019-03-27 06:49:54,2018-08-23 20:32:59,200,10
791,4,2018-08-11 13:56:02,2018-11-12 15:11:18,70,8
792,3,2018-06-06 04:30:03,2019-04-07 02:10:10,147,20
793,4,2018-11-14 07:49:47,2018-11-13 04:24:40,93,21
794,4,2018-06-22 15:34:10,2018-08-27 03:21:24,44,3
795,1,2018-06-10 21:26:51,2019-04-29 05:42:06,43,16
796,1,2018-07-26 14:54:33,2018-07-29 08:40:16,44,5
797,3,2019-03-02 17:47:59,2018-12-23 22:34:01,46,17
798,1,2018-06-14 14:56:59,2019-04-05 12:29:44,162,21
799,2,2019-02-14 01:12:26,2018-11-15 01:57:01,179,5
800,5,2019-04-03 10:14:56,2018-06-08 19:53:01,80,3
801,1,2018-10-07 16:05:49,2018-11-13 02:56:15,174,7
802,5,2018-06-03 09:03:50,2018-09-02 05:55:02,160,6
803,5,2018-11-02 01:53:15,2018-10-09 00:34:42,78,2
804,3,2018-11-16 09:54:30,2018-05-25 05:27:04,94,18
805,1,2019-01-14 09:31:02,2019-04-10 05:05:03,100,22
806,3,2018-09-27 03:01:47,2018-06-20 00:47:57,69,16
807,1,2019-04-11 10:23:30,2018-08-08 18:00:59,71,14
808,3,2018-10-04 09:17:16,2019-02-06 11:42:31,179,22
809,1,2019-04-23 05:24:38,2018-11-28 06:42:59,24,22
810,5,2018-10-25 10:38:32,2018-12-16 19:53:03,50,9
811,4,2018-08-13 03:05:25,2018-12-13 00:01:55,162,16
812,1,2018-11-02 00:14:01,2019-03-13 06:04:26,116,23
813,4,2019-03-10 04:32:16,2019-04-27 02:24:40,166,2
814,3,2018-10-28 03:36:10,2018-10-23 01:31:17,98,14
815,4,2018-08-21 23:44:58,2019-03-11 07:53:23,106,21
816,2,2018-06-09 12:22:43,2018-12-06 08:18:25,63,17
817,2,2019-02-01 10:36:58,2019-01-14 20:56:23,180,16
818,5,2018-05-29 21:49:41,2018-07-02 17:13:37,80,2
819,4,2018-12-06 09:20:08,2018-05-20 04:23:15,115,12
820,2,2019-04-29 04:18:08,2018-12-12 23:45:47,77,22
821,2,2019-04-11 04:39:48,2019-03-27 05:50:36,85,20
822,5,2019-01-29 22:16:52,2018-09-06 01:16:17,72,10
823,1,2019-03-21 02:36:34,2018-07-26 00:32:58,127,12
824,2,2019-01-31 22:36:51,2018-12-02 18:26:39,41,3
825,3,2019-02-15 06:44:19,2019-03-10 09:36:31,76,16
826,4,2018-05-21 06:20:00,2018-10-15 05:30:29,44,21
827,4,2018-06-11 22:13:05,2019-03-10 07:41:33,199,8
828,3,2018-07-11 00:20:11,2018-05-18 01:49:38,50,12
829,1,2018-05-23 16:23:31,2019-03-27 04:37:04,108,11
830,2,2019-02-07 11:16:49,2019-04-16 06:20:45,35,10
831,1,2019-01-17 01:58:22,2018-06-04 18:57:17,184,10
832,2,2019-03-23 23:34:24,2019-04-12 12:49:41,136,16
833,2,2019-01-23 03:34:07,2018-09-09 15:27:32,177,6
834,3,2018-12-17 23:12:47,2018-09-17 21:59:47,114,18
835,3,2019-02-18 18:15:21,2018-11-22 22:20:01,179,6
836,3,2018-09-16 22:00:15,2019-02-10 07:43:07,176,9
837,4,2018-06-20 05:13:39,2018-05-20 16:47:00,48,21
838,5,2018-08-16 16:10:28,2018-08-22 13:52:50,123,14
839,2,2019-02-11 00:18:28,2019-02-02 15:29:26,71,19
840,1,2018-08-19 17:58:55,2018-10-31 16:06:41,118,15
841,2,2018-10-05 02:36:50,2019-03-22 10:14:50,81,22
842,5,2018-11-24 03:05:22,2018-08-04 22:36:15,153,7
843,1,2018-06-08 16:31:06,2019-04-28 12:23:11,153,21
844,1,2019-05-07 10:24:10,2018-06-08 05:00:13,187,12
845,4,2019-02-07 03:58:42,2018-06-22 14:08:27,174,5
846,4,2019-03-01 14:06:04,2018-11-16 07:06:36,170,8
847,1,2018-10-01 21:07:45,2019-02-20 20:17:10,120,16
848,5,2018-05-09 15:28:45,2019-04-21 00:56:52,10,10
849,2,2018-06-17 03:54:50,2019-02-12 16:39:10,132,23
850,4,2018-07-05 08:57:19,2018-11-04 22:23:08,186,20
851,3,2018-11-11 19:45:06,2018-12-19 14:02:58,81,6
852,1,2018-09-25 10:30:20,2019-04-23 09:38:04,58,5
853,2,2018-05-11 01:01:26,2018-09-10 05:09:17,81,5
854,1,2018-07-27 15:04:15,2019-03-14 05:02:52,2,16
855,5,2018-08-09 20:13:59,2019-05-02 22:40:16,176,17
856,3,2018-10-18 20:34:08,2019-01-15 18:01:55,188,9
857,2,2018-11-03 07:36:47,2018-10-22 07:15:19,48,22
858,5,2019-01-05 03:13:42,2018-12-31 08:59:52,115,5
859,4,2019-04-04 14:36:38,2018-08-30 23:30:50,151,5
860,3,2018-10-03 19:41:43,2018-09-18 13:30:22,4,8
861,2,2018-11-13 13:31:51,2018-05-09 19:37:15,126,2
862,4,2018-06-16 16:45:40,2018-11-20 01:01:18,142,20
863,3,2019-02-21 20:36:48,2019-02-14 10:30:14,53,22
864,4,2019-04-15 21:56:51,2018-11-23 19:47:56,137,21
865,3,2018-11-16 22:10:07,2018-08-14 10:32:15,19,2
866,4,2019-02-20 18:03:42,2018-10-04 17:59:07,32,6
867,3,2019-03-10 17:59:08,2019-01-16 00:47:09,175,13
868,2,2018-12-05 20:37:06,2019-02-03 11:23:15,126,9
869,1,2019-02-24 04:57:39,2019-03-26 08:55:05,195,11
870,2,2019-01-26 17:09:15,2019-04-30 12:38:38,112,19
871,2,2018-07-19 21:20:16,2018-08-13 06:42:43,89,18
872,1,2018-07-01 20:54:10,2018-07-27 06:17:26,111,20
873,1,2018-12-31 03:39:14,2018-07-13 14:50:33,128,10
874,1,2018-07-25 07:59:37,2019-01-17 23:26:22,188,21
875,2,2018-05-27 13:35:24,2018-08-06 13:20:09,133,7
876,2,2019-03-02 01:58:11,2018-08-12 20:12:19,137,5
877,1,2018-12-09 08:16:20,2018-09-24 03:44:53,60,1
878,2,2019-01-02 18:06:42,2019-01-26 11:40:22,9,22
879,4,2018-09-26 15:50:12,2018-08-29 21:48:23,60,4
880,3,2018-11-29 15:42:33,2018-12-07 18:46:30,176,2
881,2,2019-03-13 04:54:46,2018-11-25 06:34:55,51,8
882,4,2018-07-12 08:59:03,2019-04-02 07:45:11,146,8
883,3,2018-05-13 18:11:10,2018-08-13 10:47:14,93,10
884,3,2019-01-31 20:24:16,2018-06-24 10:55:06,90,24
885,2,2018-10-11 13:45:14,2018-11-13 04:49:22,79,21
886,3,2019-05-03 19:45:43,2018-08-25 21:29:00,126,22
887,1,2019-04-30 21:33:45,2019-03-05 14:10:01,113,13
888,4,2018-05-12 00:41:28,2018-10-16 08:36:27,190,14
889,2,2019-02-20 11:49:29,2019-03-05 14:34:00,11,4
890,3,2019-01-07 05:28:49,2018-11-23 03:04:20,48,23
891,3,2018-10-19 16:26:45,2019-03-27 10:59:08,28,17
892,1,2019-02-04 08:10:27,2018-12-23 16:45:03,65,22
893,4,2018-07-20 20:34:00,2018-08-31 17:30:59,96,14
894,3,2019-04-18 05:58:22,2019-02-22 11:20:20,149,8
895,3,2018-06-30 10:47:32,2018-05-23 15:09:47,59,20
896,2,2019-03-13 03:40:43,2019-05-01 08:19:43,27,4
897,5,2018-11-19 22:37:24,2019-02-03 03:44:22,66,23
898,3,2018-08-10 15:57:56,2018-05-29 15:48:14,175,2
899,3,2019-04-12 13:30:54,2019-02-19 00:02:33,178,2
900,3,2018-08-01 09:42:54,2018-08-14 23:02:26,14,14
901,2,2018-09-29 10:46:59,2019-03-21 20:46:39,115,15
902,5,2018-06-28 00:36:04,2019-03-24 12:03:57,165,23
903,5,2018-11-08 18:57:16,2018-09-05 03:42:04,123,18
904,3,2018-05-23 23:43:11,2018-11-13 04:23:20,112,24
905,1,2019-03-15 23:50:12,2019-02-01 18:38:23,3,1
906,1,2018-07-22 16:18:41,2019-02-18 09:33:39,157,6
907,2,2018-12-14 02:32:54,2019-02-17 05:02:41,193,17
908,3,2018-12-05 06:25:19,2018-05-17 09:36:53,17,19
909,5,2018-06-19 16:49:17,2019-04-27 16:24:31,137,23
910,5,2018-08-09 20:56:16,2018-09-26 22:17:31,96,23
911,3,2018-10-04 15:55:45,2018-12-03 09:58:33,50,8
912,4,2019-02-19 10:44:46,2019-02-08 20:20:54,137,11
913,5,2018-11-15 14:22:53,2018-12-15 14:39:34,105,9
914,5,2018-10-22 17:23:19,2018-09-29 06:51:19,130,24
915,4,2018-11-29 00:01:57,2019-03-20 16:13:49,185,23
916,4,2018-10-28 04:12:31,2018-10-27 15:53:31,34,16
917,4,2018-07-23 14:45:08,2018-12-05 00:28:51,148,7
918,1,2019-02-21 00:04:20,2018-10-31 20:17:01,94,12
919,3,2019-04-12 08:41:54,2018-07-07 19:11:36,15,20
920,1,2018-10-24 06:52:58,2019-03-16 17:29:07,73,19
921,1,2018-10-18 01:17:32,2018-12-20 19:02:52,146,7
922,2,2018-09-12 07:58:54,2018-11-18 00:28:06,170,16
923,4,2019-03-21 17:36:42,2019-01-29 03:42:00,17,11
924,3,2019-01-17 16:01:02,2018-06-17 03:27:18,77,15
925,2,2018-06-26 12:52:41,2019-02-17 17:30:37,2,17
926,5,2018-05-13 00:40:43,2018-08-06 10:23:32,141,5
927,4,2018-09-16 18:47:31,2018-06-11 18:08:21,92,6
928,1,2019-04-03 16:30:41,2018-05-25 04:30:32,185,11
929,3,2018-05-08 05:02:34,2018-11-06 12:10:50,19,6
930,4,2018-11-15 06:13:02,2019-01-01 15:48:08,17,9
931,5,2018-08-25 03:51:41,2018-12-19 00:20:40,177,11
932,5,2018-06-18 05:06:59,2019-02-03 15:22:07,58,23
933,3,2018-06-24 22:05:13,2018-08-02 20:01:20,70,2
934,5,2018-11-10 10:56:30,2018-06-21 22:33:55,49,3
935,4,2018-10-29 04:22:57,2019-04-15 10:41:00,145,18
936,3,2018-06-23 16:05:40,2018-12-26 19:50:16,133,5
937,4,2019-01-23 10:55:16,2018-11-07 08:31:13,71,18
938,4,2018-07-08 16:38:37,2018-11-23 12:19:17,85,18
939,3,2019-02-26 18:43:59,2019-02-19 16:50:00,60,17
940,1,2018-12-25 12:12:23,2019-04-04 05:57:47,159,22
941,4,2018-05-09 23:59:20,2019-02-04 16:15:33,154,23
942,5,2018-06-08 13:45:01,2019-01-16 08:33:53,130,14
943,1,2019-05-06 15:36:29,2019-04-06 05:45:34,56,6
944,5,2019-03-20 23:29:32,2019-01-25 19:36:26,191,7
945,4,2018-07-26 12:49:19,2018-11-11 08:11:44,57,17
946,1,2018-06-02 07:18:59,2019-04-30 03:00:44,60,19
947,1,2018-05-16 18:37:09,2019-02-13 08:01:39,176,1
948,3,2018-05-08 00:05:36,2018-08-24 01:13:55,167,3
949,3,2018-10-24 14:35:51,2018-05-24 02:51:56,7,8
950,3,2018-05-23 15:50:21,2018-10-01 18:56:52,183,18
951,1,2018-08-08 03:15:31,2019-02-19 20:08:41,11,14
952,3,2018-08-02 05:29:40,2018-08-11 13:02:17,38,1
953,4,2018-05-26 18:30:17,2018-12-06 20:28:12,107,4
954,5,2018-06-15 03:27:00,2018-09-07 21:15:20,152,3
955,5,2018-07-09 10:52:40,2018-08-27 17:48:30,146,13
956,2,2018-11-08 10:05:44,2019-04-09 14:08:28,144,13
957,3,2019-02-23 23:24:28,2019-03-03 19:00:12,30,23
958,4,2018-08-26 10:21:32,2018-10-12 17:58:55,86,17
959,2,2018-12-08 17:16:53,2018-10-18 13:35:42,99,9
960,2,2018-12-02 05:54:31,2018-12-02 17:58:33,179,7
961,5,2019-04-13 06:55:49,2018-12-18 10:54:04,158,21
962,3,2018-10-22 07:50:32,2018-11-12 03:37:33,134,13
963,1,2018-05-29 03:16:46,2019-02-11 14:03:23,70,12
964,4,2018-11-28 22:39:10,2018-05-26 04:32:06,13,8
965,5,2018-05-28 21:45:32,2018-06-25 06:58:27,121,18
966,4,2019-01-04 23:13:34,2018-06-14 19:00:13,151,20
967,4,2019-01-24 18:31:55,2018-07-24 01:43:01,64,16
968,3,2018-07-07 15:52:45,2019-03-30 20:34:19,25,19
969,3,2019-01-31 21:58:42,2019-04-20 15:37:14,102,24
970,3,2018-06-29 05:40:23,2018-05-13 16:46:56,34,13
971,3,2018-05-21 15:47:56,2019-03-25 01:07:59,66,24
972,5,2018-12-05 05:46:47,2018-06-09 00:58:16,137,17
973,5,2019-02-13 03:57:08,2019-02-14 12:31:00,197,1
974,3,2018-11-23 01:48:37,2018-08-16 00:29:05,130,7
975,2,2019-02-20 05:58:55,2018-11-10 22:37:12,110,10
976,1,2019-05-07 04:22:23,2019-02-26 13:05:21,42,22
977,2,2018-07-07 09:29:41,2018-06-28 20:19:12,107,9
978,4,2019-04-06 17:57:41,2018-11-25 00:34:49,171,12
979,4,2019-04-22 09:02:30,2018-08-08 19:36:12,80,16
980,1,2018-08-31 22:47:10,2019-05-02 03:44:36,168,15
981,4,2019-04-11 22:45:32,2018-12-21 04:41:11,119,11
982,3,2019-04-09 00:39:45,2018-09-02 05:37:56,39,8
983,3,2018-05-11 18:29:03,2019-03-30 18:38:14,146,3
984,2,2018-07-19 18:48:18,2018-06-12 04:58:09,133,16
985,3,2019-03-04 00:35:10,2018-06-21 23:52:01,118,13
986,1,2018-06-26 11:11:16,2018-08-01 01:40:16,136,24
987,4,2018-07-12 04:45:39,2018-10-09 13:49:07,85,9
988,2,2019-03-29 04:12:29,2018-08-19 12:38:50,183,4
989,2,2019-02-14 12:46:01,2018-06-15 03:01:44,43,20
990,2,2018-11-12 22:54:37,2018-07-01 06:31:50,113,5
991,4,2018-05-19 12:12:30,2019-04-28 17:58:53,118,12
992,5,2019-04-07 02:24:23,2018-05-30 03:48:18,199,1
993,2,2019-02-14 17:58:42,2018-12-16 11:39:54,77,24
994,1,2018-10-09 03:46:35,2018-09-23 10:29:04,189,21
995,1,2018-10-07 10:39:01,2018-07-14 09:25:59,136,15
996,4,2018-09-23 18:40:01,2018-10-14 20:13:33,199,9
997,3,2018-10-31 07:13:50,2018-09-19 07:16:13,192,11
998,5,2019-04-28 14:31:15,2019-03-15 19:59:32,154,1
999,1,2018-08-19 07:49:19,2019-02-08 00:21:34,174,11
1000,4,2018-07-20 19:33:33,2018-08-15 16:57:20,37,8
1001,5,2018-11-02 10:53:16,2018-06-20 09:04:18,40,1
1002,5,2019-02-13 06:33:27,2018-05-26 17:36:47,30,1
1003,5,2018-09-27 18:15:19,2019-03-03 10:56:39,167,1
1004,5,2018-07-08 11:14:17,2018-10-18 03:05:22,171,1
1005,5,2019-02-25 19:34:52,2018-11-19 05:19:07,157,1
1006,5,2018-07-06 10:31:26,2018-07-22 14:28:03,157,1
1007,5,2018-11-12 04:17:51,2018-10-20 13:12:25,20,1
1008,5,2019-04-17 11:16:37,2018-12-08 16:22:29,56,1
1009,5,2018-07-14 11:35:13,2018-07-08 12:57:06,111,1
1010,5,2018-12-06 08:48:47,2018-05-09 20:07:47,47,1
1011,5,2018-12-17 14:43:37,2018-09-02 02:54:31,164,1
1012,5,2018-12-12 19:06:27,2019-01-06 01:01:33,136,1
1013,5,2018-11-24 00:27:51,2018-11-14 05:05:08,22,1
1014,5,2019-04-23 12:09:49,2018-08-13 15:15:21,53,1
1015,5,2019-04-19 06:00:39,2019-03-07 14:44:57,177,1
1016,5,2019-03-04 15:21:39,2019-03-05 09:45:25,28,1
1017,5,2018-07-04 19:10:20,2019-01-15 17:19:26,138,1
1018,5,2018-12-28 11:39:59,2018-05-30 02:16:23,137,1
1019,5,2019-02-20 18:59:40,2018-12-14 03:40:12,75,1
1020,5,2018-05-19 07:08:05,2019-04-07 14:25:32,171,1
1021,5,2018-07-18 04:47:52,2018-07-11 15:19:59,54,1
1022,5,2018-07-22 05:48:49,2018-05-13 20:51:02,108,1
1023,5,2018-07-10 20:43:27,2019-03-16 04:27:35,176,1
1024,5,2018-07-15 23:33:59,2019-02-15 07:07:37,189,1
1025,5,2018-10-21 11:10:53,2018-06-03 01:51:28,125,1
1026,5,2019-02-23 07:24:50,2019-02-17 08:43:51,175,1
1027,5,2018-06-14 16:28:20,2018-11-22 14:19:45,161,1
1028,5,2019-04-22 20:11:41,2018-12-21 18:20:16,101,1
1029,5,2018-08-14 18:46:08,2018-06-16 03:04:24,143,1
1030,5,2019-02-21 11:21:43,2018-08-06 16:44:34,96,1
1031,5,2019-03-16 22:03:25,2018-07-05 19:33:25,85,1
1032,5,2018-12-13 18:05:44,2018-09-13 04:03:43,149,1
1033,5,2019-03-04 14:29:33,2018-07-05 19:50:18,194,1
1034,5,2019-04-05 19:13:52,2018-07-19 14:18:52,30,1
1035,5,2018-09-30 11:03:59,2018-05-13 22:37:31,12,1
1036,5,2018-07-05 05:08:26,2018-09-22 18:45:06,4,1
1037,5,2018-10-10 20:57:20,2018-12-19 05:16:21,24,1
1038,5,2018-07-31 09:30:25,2018-09-22 00:01:44,140,1
1039,5,2018-08-26 10:45:38,2019-04-17 04:38:26,91,1
1040,5,2018-06-20 04:32:11,2018-06-25 10:53:15,179,1
1041,5,2018-12-15 05:00:33,2018-06-30 22:19:30,97,1
1042,5,2018-10-05 01:46:33,2019-02-21 11:20:55,138,1
1043,5,2019-01-16 18:46:34,2018-05-10 11:06:46,95,1
1044,5,2018-11-27 16:49:43,2018-10-30 13:40:51,33,1
1045,5,2018-12-09 02:53:55,2018-06-03 06:31:27,30,1
1046,5,2018-11-24 19:51:38,2018-12-02 14:42:16,160,1
1047,5,2019-03-25 01:29:33,2018-06-04 06:04:23,120,1
1048,5,2019-01-27 15:34:45,2019-02-24 13:35:56,196,1
1049,5,2018-07-27 06:59:58,2018-12-28 16:48:46,5,1
1050,5,2018-05-15 15:31:42,2018-12-26 18:57:49,174,1
1051,5,2018-12-30 15:11:10,2018-05-29 07:23:34,186,1
1052,5,2019-01-26 01:57:44,2018-10-17 02:29:21,54,1
1053,5,2018-07-19 15:30:00,2018-09-16 09:05:20,72,1
1054,5,2018-11-02 12:20:48,2019-03-30 03:26:28,46,1
1055,5,2019-01-03 02:41:39,2019-01-11 16:33:09,26,1
1056,5,2018-06-11 05:44:06,2018-08-08 03:09:22,155,1
1057,5,2018-12-18 06:04:28,2019-02-24 21:30:48,182,1
1058,5,2018-09-27 07:19:30,2018-07-14 21:03:00,107,1
1059,5,2019-04-28 12:40:24,2018-09-18 02:23:33,17,1
1060,5,2019-03-09 17:44:49,2019-01-24 06:32:13,77,1
1061,5,2019-03-23 08:10:35,2018-12-17 20:03:55,116,1
1062,5,2019-01-02 04:55:44,2019-02-01 04:51:59,87,1
1063,5,2019-03-15 13:50:51,2018-08-27 07:01:25,153,1
1064,5,2018-08-07 00:26:39,2019-01-26 09:43:57,173,1
1065,5,2019-03-04 11:12:14,2018-07-25 04:54:57,39,1
1066,5,2019-04-30 05:12:53,2018-09-09 21:05:07,117,1
1067,5,2018-12-30 11:28:32,2018-07-23 07:57:32,82,1
1068,5,2019-04-13 01:14:58,2018-12-25 16:32:26,199,1
1069,5,2019-02-09 08:06:03,2019-02-04 09:04:27,171,1
1070,5,2018-12-25 02:33:59,2018-07-08 17:57:51,5,1
1071,5,2019-03-17 07:11:27,2018-07-17 13:43:26,125,1
1072,5,2019-03-31 21:02:01,2019-04-08 04:41:53,119,1
1073,5,2018-07-26 21:30:56,2018-12-04 21:08:59,162,1
1074,5,2019-02-28 23:44:20,2019-04-10 18:30:11,177,1
1075,5,2019-02-10 12:53:58,2019-04-19 04:43:22,125,1
1076,5,2019-01-08 07:24:10,2018-07-30 10:01:29,138,1
1077,5,2018-06-05 03:06:27,2018-12-24 04:30:13,7,1
1078,5,2019-04-19 12:49:16,2019-01-27 12:36:16,140,1
1079,5,2018-12-18 15:41:09,2019-02-15 19:53:44,147,1
1080,5,2019-04-11 08:43:34,2018-09-23 23:13:22,44,1
1081,5,2018-12-18 01:03:50,2018-05-09 14:25:54,75,1
1082,5,2019-03-12 01:32:20,2018-06-30 16:35:16,45,1
1083,5,2018-12-07 08:46:17,2018-12-08 11:15:41,136,1
1084,5,2019-03-26 03:07:13,2018-10-04 01:45:50,52,1
1085,5,2018-09-26 13:14:42,2019-04-25 11:46:59,117,1
1086,5,2018-07-11 01:24:36,2018-09-28 13:51:35,128,1
1087,5,2018-10-05 16:54:20,2019-03-18 17:43:48,137,1
1088,5,2018-10-26 18:25:13,2019-01-26 14:37:36,133,1
1089,5,2018-06-17 08:37:52,2019-02-25 18:28:31,121,1
1090,5,2019-02-03 05:20:31,2018-10-09 13:12:16,174,1
1091,5,2018-05-19 00:19:27,2018-06-11 21:39:55,167,1
1092,5,2019-02-14 13:03:37,2018-05-20 13:33:41,129,1
1093,5,2019-03-05 22:28:33,2019-02-20 07:01:02,116,1
1094,5,2018-12-11 21:36:16,2019-01-25 06:55:05,194,1
1095,5,2019-04-10 18:36:27,2019-04-10 17:11:36,77,1
1096,5,2019-02-15 11:11:03,2018-07-08 02:10:20,146,1
1097,5,2018-06-05 03:59:28,2018-08-07 05:05:30,60,1
1098,5,2019-04-02 12:20:21,2018-09-26 02:38:25,27,1
1099,5,2018-08-10 21:38:04,2019-01-24 11:28:38,20,1
1100,5,2019-04-01 20:02:59,2018-07-31 16:40:48,93,1
1101,5,2018-07-02 22:49:18,2018-07-26 03:37:05,142,1
1102,5,2019-01-08 17:02:05,2019-03-17 22:44:47,74,1
1103,5,2018-09-27 17:52:30,2018-10-16 13:12:15,7,1
1104,5,2018-12-26 04:50:02,2018-05-10 11:36:50,167,1
1105,5,2018-11-04 13:32:02,2018-09-11 07:19:46,165,1
1106,5,2019-02-19 12:59:22,2019-05-06 06:58:41,91,1
1107,5,2019-03-20 02:33:27,2018-08-14 02:25:50,69,1
1108,5,2018-11-01 22:33:43,2019-05-02 11:59:19,79,1
1109,5,2018-08-12 13:44:36,2018-09-22 09:56:33,189,1
1110,5,2019-03-04 17:12:34,2018-06-05 05:33:06,8,1
1111,5,2019-01-26 14:09:23,2018-09-24 00:20:31,150,1
1112,5,2019-02-20 09:50:41,2018-05-29 13:51:07,178,1
1113,5,2019-04-04 05:29:02,2018-06-28 19:06:08,28,1
1114,5,2018-11-12 21:14:50,2018-06-20 13:40:10,87,1
1115,5,2018-06-11 23:03:14,2018-09-07 07:46:50,88,1
1116,5,2018-11-12 08:40:30,2018-05-16 18:10:30,18,1
1117,5,2019-01-04 05:09:11,2019-02-24 07:05:51,92,1
1118,5,2018-05-12 07:01:14,2018-09-13 18:05:11,197,1
1119,5,2018-07-11 22:23:38,2018-12-04 11:39:52,189,1
1120,5,2018-08-03 09:48:04,2018-11-08 12:03:24,39,1
1121,5,2019-03-05 13:14:06,2019-04-29 10:52:52,159,1
1122,5,2018-07-12 23:30:48,2018-10-21 10:18:16,196,1
1123,5,2019-03-21 11:23:46,2019-04-12 13:50:33,172,1
1124,5,2018-10-09 03:32:30,2018-06-26 19:59:03,93,1
1125,5,2019-02-25 00:49:10,2019-05-01 21:17:36,171,1
1126,5,2019-03-31 22:03:46,2019-01-17 10:08:25,138,1
1127,5,2019-04-08 00:05:59,2019-03-09 01:59:45,18,1
1128,5,2018-07-11 13:32:40,2018-08-22 20:08:36,21,1
1129,5,2018-10-25 20:10:22,2018-07-17 18:05:20,143,1
1130,5,2019-04-22 17:20:08,2018-07-15 02:37:02,25,1
1131,5,2019-01-14 19:46:11,2018-08-19 02:00:48,127,1
1132,5,2018-08-26 03:00:46,2018-12-10 13:42:34,7,1
1133,5,2018-09-15 16:29:44,2019-03-25 22:55:52,183,1
1134,5,2019-04-29 05:38:33,2019-02-23 09:36:49,112,1
1135,5,2019-03-04 21:54:36,2018-06-10 01:05:29,160,1
1136,5,2019-04-12 05:08:45,2018-09-10 14:12:33,170,1
1137,5,2019-04-04 02:03:26,2019-01-13 06:00:38,17,1
1138,5,2019-04-10 20:57:35,2018-06-25 03:44:49,138,1
1139,5,2018-07-03 19:52:58,2018-07-05 06:01:56,3,1
1140,5,2018-06-13 13:30:14,2019-04-01 07:06:32,99,1
1141,5,2019-04-30 15:17:56,2018-12-04 15:16:59,20,1
1142,5,2018-06-24 09:47:03,2018-09-19 21:43:20,186,1
1143,5,2019-01-10 00:18:27,2019-04-20 05:29:30,85,1
1144,5,2018-05-11 21:11:16,2019-01-09 19:13:27,42,1
1145,5,2018-12-07 13:14:56,2018-05-29 23:00:20,113,1
1146,5,2018-09-19 07:52:24,2019-05-04 01:47:31,3,1
1147,5,2018-12-02 03:23:29,2018-11-07 18:01:27,9,1
1148,5,2018-09-19 02:13:42,2018-08-08 09:15:38,27,1
1149,5,2018-11-30 06:56:49,2019-04-16 19:37:12,118,1
1150,5,2018-11-13 23:26:34,2018-08-27 03:46:33,52,1
1151,5,2018-12-09 05:20:03,2018-11-18 00:30:41,104,1
1152,5,2019-04-25 03:17:59,2018-07-16 11:10:09,176,1
1153,5,2019-05-02 19:54:23,2018-05-13 03:44:12,137,1
1154,5,2018-07-13 00:33:16,2018-10-31 20:34:00,39,1
1155,5,2019-04-03 22:26:57,2018-10-23 08:59:20,176,1
1156,5,2018-07-19 12:15:52,2019-01-24 14:40:36,115,1
1157,5,2018-09-23 01:38:22,2019-01-01 02:40:56,37,1
1158,5,2018-09-22 20:53:07,2019-01-18 14:22:33,19,1
1159,5,2019-03-03 20:27:28,2019-04-10 17:22:59,82,1
1160,5,2018-06-26 03:49:26,2018-11-03 06:15:35,197,1
1161,5,2018-12-07 07:38:55,2019-03-13 23:24:10,187,1
1162,5,2018-09-16 14:11:41,2018-10-17 17:28:29,6,1
1163,5,2018-10-29 07:39:16,2019-03-13 22:14:42,164,1
1164,5,2019-04-01 04:03:12,2018-12-17 13:30:35,186,1
1165,5,2019-04-14 05:58:08,2019-01-26 16:37:09,35,1
1166,5,2018-07-26 14:09:45,2018-07-27 06:13:32,45,1
1167,5,2018-09-28 21:51:05,2018-06-28 23:14:42,27,1
1168,5,2019-01-11 14:22:21,2018-11-04 01:53:34,200,1
1169,5,2019-03-13 22:53:16,2018-05-25 02:24:29,61,1
1170,5,2019-04-04 11:49:57,2019-01-31 03:37:47,180,1
1171,5,2018-09-25 08:37:01,2018-09-07 15:15:55,86,1
1172,5,2018-06-24 15:50:00,2018-11-14 00:01:00,144,1
1173,5,2019-03-12 07:52:00,2018-06-16 20:29:07,77,1
1174,5,2018-05-14 22:00:16,2018-12-15 10:50:00,126,1
1175,5,2018-08-13 13:19:05,2018-12-14 07:30:12,2,1
1176,5,2018-10-26 16:59:03,2018-06-28 14:45:56,65,1
1177,5,2018-08-28 10:39:47,2018-08-26 17:21:41,142,1
1178,5,2018-10-12 20:24:38,2019-04-21 14:02:06,66,1
1179,5,2018-10-16 21:41:58,2018-12-10 19:08:49,106,1
1180,5,2018-06-15 00:47:26,2019-03-22 05:53:47,24,1
1181,5,2018-09-30 08:48:39,2018-08-12 16:14:32,113,1
1182,5,2018-10-03 20:03:11,2018-10-28 18:31:15,49,1
1183,5,2018-09-20 01:03:46,2019-04-25 00:11:15,191,1
1184,5,2018-08-06 20:08:51,2019-04-24 04:50:00,119,1
1185,5,2019-03-21 13:51:51,2019-04-13 15:43:28,141,1
1186,5,2018-10-25 02:27:05,2018-11-09 17:37:14,28,1
1187,5,2018-07-28 08:31:18,2018-05-22 12:10:56,51,1
1188,5,2018-11-29 19:13:04,2018-06-05 23:42:50,40,1
1189,5,2018-11-09 23:29:40,2018-07-31 00:46:03,99,1
1190,5,2019-05-03 11:18:08,2019-01-07 21:57:42,100,1
1191,5,2019-02-25 03:38:00,2018-08-16 21:23:11,129,1
1192,5,2018-07-26 18:41:58,2018-07-19 18:15:51,181,1
1193,5,2019-05-05 16:18:27,2018-07-02 12:05:07,138,1
1194,5,2019-01-28 16:04:45,2018-06-12 18:17:41,60,1
1195,5,2019-04-28 04:46:26,2018-10-17 01:47:43,16,1
1196,5,2019-04-23 21:17:08,2019-01-01 04:40:58,18,1
1197,5,2018-12-30 05:13:01,2018-12-29 11:45:11,38,1
1198,5,2019-01-23 16:05:52,2018-07-15 10:10:00,67,1
1199,5,2019-01-23 03:06:08,2018-11-20 11:50:59,54,1
1200,5,2019-01-25 20:27:12,2019-04-11 21:52:01,22,1
1201,3,2018-11-03 06:05:28,2018-08-19 23:50:41,190,7
1202,3,2018-10-23 11:55:33,2019-03-22 15:55:37,151,7
1203,5,2019-04-29 02:29:06,2018-09-26 05:32:06,149,7
1204,4,2018-12-31 19:20:28,2019-01-29 00:57:40,59,7
1205,4,2018-12-12 19:43:07,2018-09-23 11:41:29,61,7
1206,5,2018-12-28 13:19:11,2018-06-28 05:52:14,151,7
1207,5,2019-03-24 23:03:32,2019-02-15 15:58:17,47,7
1208,4,2019-03-29 06:13:34,2019-03-24 15:18:59,177,7
1209,3,2019-02-09 17:14:30,2019-03-10 13:39:52,164,7
1210,3,2018-11-11 08:27:32,2019-02-20 11:03:13,13,7
1211,5,2018-06-23 19:53:02,2018-11-30 20:50:36,131,7
1212,3,2018-06-13 11:50:14,2018-07-15 14:06:41,98,7
1213,3,2019-01-16 05:02:51,2018-12-26 13:38:35,144,7
1214,3,2019-01-05 18:29:06,2019-03-13 07:25:30,69,7
1215,5,2018-07-15 22:42:55,2019-01-20 04:12:10,114,7
1216,5,2018-09-23 08:33:51,2019-03-18 09:58:01,2,7
1217,4,2019-01-04 23:52:23,2019-04-19 01:15:52,88,7
1218,4,2018-07-20 07:09:13,2018-06-20 02:40:32,75,7
1219,3,2018-06-19 14:49:21,2018-11-09 16:14:43,93,7
1220,4,2018-10-06 05:37:12,2018-10-22 14:19:01,60,7
1221,4,2018-07-25 19:09:42,2019-01-04 01:07:43,63,7
1222,4,2019-03-27 20:07:39,2018-07-05 13:44:16,76,7
1223,5,2018-10-02 14:48:25,2019-03-24 08:33:30,11,7
1224,3,2018-07-20 18:37:45,2019-04-16 03:22:22,149,7
1225,4,2018-06-29 15:32:01,2018-08-02 14:16:01,97,7
1226,4,2018-08-27 15:33:15,2019-04-24 01:26:48,143,7
1227,4,2018-11-14 18:47:13,2018-07-26 00:53:54,187,7
1228,5,2018-07-02 01:42:30,2018-10-21 03:41:14,53,7
1229,5,2018-07-10 20:38:38,2019-03-09 11:17:20,182,7
1230,5,2018-08-07 18:55:34,2019-04-18 12:00:02,1,7
1231,5,2018-07-06 19:27:34,2018-10-08 23:28:05,181,7
1232,4,2018-06-09 15:04:44,2018-08-05 12:43:19,20,7
1233,5,2019-04-30 20:47:05,2018-12-30 04:35:46,28,7
1234,4,2018-08-25 09:59:17,2018-10-11 11:58:05,176,7
1235,5,2018-12-24 13:28:01,2019-01-09 02:35:17,36,7
1236,5,2019-02-21 05:34:04,2018-12-10 20:39:05,146,7
1237,5,2019-02-09 04:38:14,2019-05-04 19:41:42,153,7
1238,5,2018-11-04 01:27:57,2019-01-04 08:38:54,13,7
1239,5,2018-10-23 01:08:54,2019-03-06 03:48:23,44,7
1240,4,2018-10-03 11:28:20,2018-06-18 08:55:15,149,7
1241,5,2018-11-10 20:58:45,2019-01-29 11:18:08,13,7
1242,5,2019-04-06 15:46:00,2018-10-29 12:52:19,104,7
1243,3,2019-01-02 04:12:42,2018-08-29 06:52:27,62,7
1244,3,2018-08-07 11:48:40,2019-04-24 08:33:57,125,7
1245,4,2018-11-17 09:30:46,2019-02-16 02:50:05,57,7
1246,5,2018-09-16 18:48:35,2018-05-24 05:00:58,168,7
1247,5,2018-08-22 21:01:37,2018-07-26 09:11:26,76,7
1248,4,2019-03-19 14:22:16,2019-01-21 02:22:26,9,7
1249,3,2018-10-14 02:10:22,2019-02-12 01:20:52,163,7
1250,3,2019-03-08 04:00:44,2018-08-22 18:54:18,69,7
1251,5,2018-09-20 06:10:35,2019-04-19 20:14:01,76,7
1252,5,2018-08-01 23:56:28,2019-02-23 11:47:21,92,7
1253,3,2018-10-14 16:09:56,2018-08-03 13:42:42,87,7
1254,3,2019-03-09 15:43:05,2018-12-12 15:13:13,3,7
1255,4,2018-10-11 11:39:12,2018-12-04 15:11:19,130,7
1256,5,2018-08-23 16:18:38,2018-07-29 21:16:23,152,7
1257,5,2018-10-13 10:22:28,2018-08-03 18:14:55,151,7
1258,4,2018-09-18 09:44:46,2018-09-30 14:40:30,165,7
1259,4,2019-01-27 22:13:47,2018-06-19 04:40:29,81,7
1260,3,2019-03-21 15:45:12,2019-02-15 01:12:58,78,7
1261,3,2019-02-08 02:21:21,2019-03-02 11:11:38,107,7
1262,5,2019-01-12 07:50:50,2018-09-26 05:28:37,63,7
1263,3,2019-01-26 13:20:13,2019-01-23 07:42:34,110,7
1264,4,2018-12-09 14:01:49,2019-02-03 15:38:40,13,7
1265,5,2018-08-12 06:37:38,2018-08-14 02:17:07,72,7
1266,5,2018-06-19 19:14:13,2019-05-04 12:19:37,4,7
1267,4,2019-03-22 18:36:27,2018-10-08 03:02:33,10,7
1268,3,2018-07-31 15:06:18,2019-04-16 19:22:06,92,7
1269,3,2019-04-01 07:38:38,2018-07-04 17:00:31,18,7
1270,3,2018-07-09 00:07:55,2018-07-02 23:25:05,200,7
1271,4,2018-06-23 14:38:30,2019-01-12 03:51:30,65,7
1272,4,2019-03-18 05:35:48,2018-06-06 10:10:04,150,7
1273,5,2018-08-09 06:01:48,2019-04-14 23:52:13,194,7
1274,4,2018-09-28 18:02:16,2018-11-10 06:34:18,64,7
1275,4,2019-03-18 23:33:00,2018-06-30 07:48:35,157,7
1276,5,2018-06-17 18:32:31,2019-05-02 16:35:02,186,7
1277,3,2018-07-28 14:14:47,2018-05-18 11:23:37,26,7
1278,4,2018-07-15 23:45:13,2019-03-16 13:55:16,93,7
1279,5,2018-06-09 13:49:56,2018-06-02 00:09:13,102,7
1280,3,2019-03-15 15:28:25,2019-02-18 08:05:25,82,7
1281,5,2018-10-22 03:42:23,2018-10-09 18:04:43,182,7
1282,3,2018-06-15 21:29:28,2019-04-06 15:16:05,146,7
1283,5,2018-07-06 21:40:40,2019-01-25 07:26:12,101,7
1284,3,2018-07-25 19:10:17,2018-08-07 03:57:34,56,7
1285,4,2019-01-15 13:48:03,2018-07-16 18:51:17,125,7
1286,5,2019-03-19 20:19:48,2019-02-22 08:25:13,171,7
1287,3,2019-02-18 21:06:57,2019-02-28 21:31:23,148,7
1288,4,2018-12-10 10:41:02,2018-10-02 18:50:29,82,7
1289,4,2018-10-13 11:45:17,2018-08-02 18:25:11,199,7
1290,3,2018-10-20 06:48:15,2018-06-10 06:16:44,184,7
1291,5,2018-07-29 09:33:33,2019-04-07 07:15:52,124,7
1292,5,2019-05-02 20:26:17,2018-08-31 14:43:22,147,7
1293,4,2018-05-27 08:06:06,2018-12-11 17:26:04,3,7
1294,5,2018-05-11 02:33:25,2019-02-10 17:16:00,74,7
1295,4,2018-06-03 07:31:15,2018-06-05 07:34:26,176,7
1296,4,2018-05-28 07:49:26,2019-02-28 16:39:55,40,7
1297,3,2019-01-03 15:35:18,2018-11-10 23:51:47,118,7
1298,5,2018-11-19 00:57:57,2018-05-10 13:42:00,135,7
1299,3,2019-01-28 18:45:31,2018-11-29 11:31:42,191,7
1300,3,2018-07-24 16:20:44,2019-04-27 13:55:11,79,7
1301,5,2019-04-21 09:43:35,2019-04-20 09:54:21,184,7
1302,5,2019-04-05 16:40:11,2019-02-21 10:36:57,99,7
1303,4,2019-02-05 18:52:22,2018-07-14 01:37:33,67,7
1304,4,2019-01-29 23:16:45,2018-09-29 02:08:30,159,7
1305,4,2018-11-01 08:25:05,2019-04-01 00:57:04,181,7
1306,3,2019-01-25 23:23:10,2018-12-04 22:13:04,159,7
1307,4,2019-03-02 13:24:18,2019-02-15 14:30:18,36,7
1308,4,2019-03-09 08:48:36,2019-04-03 02:29:22,107,7
1309,5,2019-03-05 18:41:30,2018-10-02 17:27:10,146,7
1310,4,2018-09-22 09:57:30,2019-03-24 17:16:00,65,7
1311,4,2018-11-28 03:21:42,2019-01-19 11:33:10,188,7
1312,4,2019-01-07 05:22:51,2018-12-23 02:30:41,134,7
1313,5,2019-03-07 16:46:28,2018-06-15 15:50:30,63,7
1314,4,2018-05-17 14:11:43,2018-08-14 07:09:13,56,7
1315,4,2018-08-06 20:20:57,2018-12-31 01:18:19,184,7
1316,3,2018-08-02 14:26:19,2019-03-17 10:57:56,87,7
1317,4,2018-06-30 13:17:09,2019-03-01 14:55:09,57,7
1318,3,2018-06-29 07:05:11,2019-01-20 05:15:47,104,7
1319,3,2018-10-14 07:12:46,2018-11-03 00:13:45,166,7
1320,5,2018-06-05 17:04:53,2019-02-28 15:08:47,61,7
1321,4,2018-07-17 08:07:22,2019-04-04 16:46:58,98,7
1322,4,2019-01-24 11:21:17,2018-08-24 12:53:34,116,7
1323,4,2018-06-16 07:48:12,2019-01-06 13:00:30,146,7
1324,4,2019-02-08 00:19:15,2018-07-22 16:31:54,199,7
1325,4,2019-01-18 22:55:36,2019-04-18 13:45:07,194,7
1326,5,2018-08-23 23:11:14,2018-05-27 22:31:30,152,7
1327,3,2018-12-18 01:29:53,2018-07-30 22:05:29,193,7
1328,4,2019-03-17 10:30:23,2018-12-06 09:25:21,168,7
1329,4,2018-11-06 05:07:29,2018-07-07 06:27:07,86,7
1330,3,2019-05-02 18:37:48,2018-05-27 22:27:43,93,7
1331,5,2018-07-11 10:28:26,2018-09-16 16:20:02,58,7
1332,5,2019-01-25 08:34:08,2019-03-14 09:37:49,25,7
1333,5,2019-01-19 23:38:32,2018-09-19 16:33:42,180,7
1334,3,2018-07-11 22:11:21,2018-05-13 21:59:10,13,7
1335,5,2018-08-14 03:48:38,2018-05-29 04:04:41,29,7
1336,4,2018-07-11 07:58:21,2018-07-13 04:47:31,89,7
1337,5,2018-09-11 16:02:49,2018-07-05 20:19:31,108,7
1338,4,2018-06-25 12:20:01,2019-03-25 07:01:47,82,7
1339,3,2018-10-27 08:03:45,2018-09-19 13:34:03,57,7
1340,5,2018-11-18 00:43:34,2019-03-06 03:29:10,138,7
1341,4,2018-09-14 10:21:36,2018-11-16 14:59:10,67,7
1342,3,2019-04-05 02:51:06,2019-04-05 22:20:58,1,7
1343,3,2019-04-28 11:57:11,2019-01-14 07:41:41,46,7
1344,3,2018-11-04 13:23:33,2019-02-20 00:03:46,18,7
1345,5,2018-05-23 13:12:20,2019-05-04 20:29:26,20,7
1346,3,2018-09-10 16:13:43,2018-11-07 13:32:09,120,7
1347,3,2018-05-18 22:51:33,2018-10-12 18:37:27,181,7
1348,5,2019-03-23 10:11:02,2018-07-02 17:27:45,188,7
1349,3,2018-07-26 01:18:14,2018-10-20 21:18:24,24,7
1350,4,2018-09-04 20:48:50,2018-10-08 04:01:57,174,7
1351,3,2018-10-09 16:06:12,2019-01-25 15:58:54,72,7
1352,4,2018-10-14 15:08:47,2018-07-29 05:35:42,24,7
1353,5,2018-09-29 18:43:19,2019-02-10 05:18:12,67,7
1354,4,2019-01-18 06:40:48,2019-05-07 09:24:55,58,7
1355,3,2018-11-04 00:26:04,2019-01-12 14:19:05,40,7
1356,5,2018-06-10 13:34:40,2019-03-24 20:34:50,145,7
1357,4,2018-09-30 08:01:10,2019-03-11 00:04:06,137,7
1358,5,2019-01-30 01:14:59,2019-01-26 05:29:10,164,7
1359,4,2018-12-07 08:22:36,2019-01-08 21:40:59,159,7
1360,5,2018-11-19 01:26:47,2018-06-18 04:46:36,185,7
1361,5,2018-10-22 17:20:04,2019-02-16 17:47:32,78,7
1362,3,2018-07-06 16:28:55,2018-12-11 14:08:06,19,7
1363,3,2019-05-01 17:09:16,2018-06-25 14:36:45,200,7
1364,5,2018-11-19 19:15:32,2019-04-18 06:23:06,60,7
1365,3,2019-03-18 09:15:29,2018-05-25 13:44:20,170,7
1366,4,2018-07-13 01:35:47,2018-09-25 05:00:49,104,7
1367,3,2018-10-24 02:27:14,2019-04-23 17:11:52,47,7
1368,3,2019-03-31 14:11:13,2018-10-17 10:59:20,160,7
1369,3,2019-04-14 16:40:25,2018-11-19 13:09:32,160,7
1370,5,2018-09-01 09:44:13,2018-10-13 21:29:31,144,7
1371,3,2019-01-21 02:21:34,2018-07-05 02:44:51,159,7
1372,5,2018-08-01 16:08:51,2018-08-11 12:51:34,101,7
1373,5,2018-06-28 14:02:46,2018-11-07 03:30:26,165,7
1374,4,2019-01-19 20:48:19,2019-04-21 15:25:39,18,7
1375,5,2018-07-11 14:36:42,2018-10-22 18:00:32,131,7
1376,4,2018-10-08 14:12:50,2018-05-10 08:34:23,15,7
1377,4,2019-03-20 19:40:28,2019-02-11 03:40:55,1,7
1378,3,2018-06-18 11:31:36,2018-08-30 11:38:30,139,7
1379,4,2018-08-23 15:50:46,2019-01-05 02:22:28,15,7
1380,5,2018-12-22 13:48:04,2018-09-09 04:33:36,146,7
1381,5,2018-11-04 07:46:48,2018-05-28 14:37:03,120,7
1382,5,2018-10-22 20:17:58,2018-09-17 08:35:41,184,7
1383,3,2019-03-07 02:35:53,2019-03-06 02:03:39,126,7
1384,4,2018-06-21 16:45:13,2019-04-27 01:05:40,7,7
1385,4,2018-10-29 19:09:51,2018-06-02 03:27:43,62,7
1386,5,2018-05-22 18:32:36,2018-08-11 19:45:58,133,7
1387,3,2018-06-23 18:06:44,2018-11-22 12:52:10,142,7
1388,5,2018-08-05 10:38:00,2018-12-06 00:26:51,116,7
1389,5,2018-09-13 05:55:54,2019-01-10 09:16:35,36,7
1390,4,2019-04-20 19:23:27,2019-03-16 15:30:53,28,7
1391,4,2018-09-06 16:02:38,2019-02-25 02:13:44,136,7
1392,5,2018-06-26 18:16:28,2019-01-02 19:00:12,58,7
1393,4,2018-05-19 23:38:01,2019-04-04 20:04:44,171,7
1394,4,2018-05-21 09:12:21,2018-10-24 15:33:14,62,7
1395,3,2019-01-13 07:17:20,2019-03-20 19:51:25,170,7
1396,4,2018-10-05 23:38:50,2019-02-09 08:55:31,153,7
1397,4,2019-03-14 15:46:44,2018-08-07 16:56:12,198,7
1398,5,2019-01-21 13:04:29,2019-04-12 05:17:53,197,7
1399,5,2019-02-22 19:45:25,2018-05-09 06:59:48,177,7
1400,5,2019-01-14 08:34:28,2018-12-29 22:58:43,6,7